닉네임,블로그이름
gato,꿈꾸는고냥
종지,종지와 연서의 행복한 일상
호두알범,호두알범
안시댁,안시댁의 프랑스 생활기
윰미,윰미의 신나는 일상 ♪
신녀성,당신이 경험하지 못한 여성
듀듀,듀듀크러쉬
생숭이,뷰스타생숭이의 예쁠공간 예쁜공감:0
소이윰,소소한이야기윰
동탄의롱페이스,동탄의롱페이스
라뷰라뷰,"패션,뷰티 블로거의 소소한 일상 이야기"
성주맘,성주는 즐거워~~
별아하늘,믿음이 없이는
알라,알라월드
유두부,차카게 살자
반짝반짝빛나는,세남자랑 오늘 행복하기
뉴트로진아,J.티모시X뉴트로진아
꼰님이,꼰님이의 그럭저럭 살아가는 이야기♥
빛날,Nation changer
알쏭,리뷰팩토리 알쏭닷넷
아롱,바람따라
천사가아냐,加油 !
비니,비니랑 놀아요b
woojae,우재의 올리브 동산
쑬쑬이,쑬쑬이의 사과나무
초롱,초롱관
효니와 이도,찐자매의 일상기록
욕심많은 진희씨,날마다 맑음-♡
영이,일상을 담다
롱이,롱이의 이야기
빛날,Nation changer
소이윰,소소한이야기윰
쏘,쏘 님의 블로그
헤일리,Dreamin'
하루,"하루, 시작"
박하꽃새댁,박하꽃새댁의 블로그
서눅,서눅
시즈카,원더시즈카
영국앤,*앤's Vintage House *-영국빈티지 별
엘레나 박은하,여행작가 박은하
영은2,"Hey, my better life!"
꼰대언니,꼰대언니의 객관적이고픈 블로그
필연,필연의 작은 글다락방
채채,CHAEIARY
제니,Jenny In Wonderland ♪
소이윰,소소한이야기윰
김반구,Bangu in the countryside
숯,얌얌수지팡
젬나,데일리 미쓰O
천사가아냐,加油 !
김뽀잉,여기는뽀잉별
팔레트,소소한 행복이 피어나다 ~!
이내야,쉼표♡
봄봄a,봄봄a의 여행 다이어리
도로미,손뜨개하는도로미
chochochocolate,fizzy water & chocolate lover
미농,미농 뷰티풀 라이프❤️
쾡이,Better Life
슬기,슬기로운 여행
일랑,달보드레하다
수빈,ෆ 내 일상 ෆ
은정,일상의 즐거움
Spark,Summer on my mind
estelle,.
알라,알라월드
소이윰,소소한이야기윰
또로밍,모모log
윰미,윰미의 신나는 일상 ♪
은정냥,은정냥의 일본생활
yozoh유니,유니의 일상기록:)
라미,# 달콤한라떼
loda,스치로다
그반짝이는찰나,그반짝이는찰나
챠밍,챠밍스토리♡
팔랑팔랑올리브,도도한 서연이와 언니바라기 혜연..^^
정PD,정PD 사는 이야기
Cestmoije,오늘의 나
지조,thinking inside the box
유리너스,유리너스 house
유키에,♥한일부부♥
아톡,보물상자 같은 블로그
Rosy Seo,로지의 빨간 방
동백별,STAR CLOUD
수댕,식도락쟁이 수댕의 기록 ♪
혀나쓰,혀나쓰의 일상
enjel02,enjel02 님의 블로그
둡둡,Hello. Im SH :D
갱임,mood for love
nAnAmOm,NaNa's CloseT
행복한 정강사,오늘도 행복한 정강사
달나라소머즈,달소의 생활
ONE,:)
머핀맘,"평범하게, 특별하게"
배꽃,배꽃의 소박한 밥상이야기
HYESU,아이엠수
갱s,갱`s 소소한 일상
Lilly,Round and flower
GABO,나와 당신의 사계절
멍멍야옹,일상생활이야기
몽실엉니,말 안듣는 어른되기 프로젝트
승희씨,해외생활전문블로그
차홍아르더 김단비,차홍아르더 김단비
Lindo,OFFTHEWALL:D
뿌꾸맘,뿌꾸맘의 행복한 삶의 여행♡
작은농부,작은농부네 방문해주셔서 감사합니다^^
인치안,행복한 이야기♡
베르시엔,"베르시엔,변화"
소은,"도전하는 소은, Travel Dancer"
얀수기,8차원 매력쟁이연숙
KingBug,KINGBUG'S STORY
뱃정,뱃정월드
한숭이,❤️한숭이 인생이야기✈️맛집❤️여행❤️뷰티
꽃잉오,꽃잉오 블로그
김뚜뚜,뚜뚜씨의 일상
한량,HAN RYANG LIFE
햇빛향기,Hej!
포토그래퍼 최광혁,최광혁스냅 [OFFICIAL BLOG]
앤쨩,One and only Anne Blog
세계정복,Today's youth ✈
기삼,소망엄마 기삼씨네
쏘루,쏘루의 행복한 사생활
라닝닝,L O V E _ n d
와우샘,상상너울
하쿠나마타타,자연물미술공작소
알라,알라월드
MJ,걍
졔졔,자기만의 방
압생트,EAT PRAY LOVE
HANE,HANE의 하루
릴리제이,"남다른 마케터, 릴리제이"
안녕한가영,ε♥з
빛날,Nation changer
은빛늑대 은랑군,銀狼君's PHOTO_LAB
끌리밍,"소소한 일상의 연속,"
알라,알라월드
민트우유,민트우유
까칠현,달달한 그녀의 일상
아름다운 니니,아름다운 니니씨의 혼자놀기 프로젝트:)
시골녀자,시골녀자 일상
세알콩콩,삼남매와 알콩이 달콩이❤️
미리미리,미리의 맥시멀라이프*
청울림,부자아빠 청울림의 인생공부
솜씨,솜씨여행 ♡
졍블리,졍블리 블로그
알라,알라월드
레이디스,레이디스 쿠킹 월드
oz,wonder!and
빛날,Nation changer
얌미,얌미폴리오
모노라이프,모노라이프
까만진주,청춘을 남기다
줜둥이,맑고 밝은
앙녀,"어깨가 들썩들썩, 앙녀블로그 ;D"
스페어룸,Spare Room
윤자씨,윤자씨 ♡
미스변,미스변의걱정없는보험이야기
빛날,Nation changer
무리,하늘로 가는 길
lovely ssam 김쌤,lovely day
Mins,Love Art..Love Trip
그린나래,그린나래캘리
유남생,유남생의 펀펀팜 이야기
오씨,오소렴
쏘루,쏘루의 행복한 사생활
쑬쑬이,쑬쑬이의 사과나무
히주,내 이야기
혀니유니,혀니유니의 소소한 일상
쥬닝,My daily
종앙랑그니,종앙랑&그니 블로그
호호,우아한 가난뱅이
우주먼지,maison de meonzii
볼볼볼,소풍같은 매일매일 :)
서정,나의 일상과 타인의 일상 그 사이에서
하루,"하루, 시작"
아일린,아일린's 살.림.백.과.사.전
김덮밥,Der Sinn des Lebens
제라 ZERA,제라의일상
샬라,All of my Journey
용두의딸,같이의 가치
굿모닝,굿모닝
디어다니,어제보다 오늘 더 행복하게
chaewon,"Sincerely,"
제이,몰아쓰는 기록용 블로그
악마기린,You & Me
yeonsim연심,yeonsim’s daily
과년언니,과년녀의 수다
삶은요가,삶은 요가
티아앤블라,봄처럼 늘 설렘♬
야옹,행복예감 공간의 선택
뜰,초록섬 프로젝트-
조잘이,조잘조잘
민짱,민짱의 일상 기록소
yeon jae,연로그
안녕쑤,"책권하는수아씨의 라라책방, 잘 지내나요? 괜찮아요?"
릴 리,"레 터 프 롬 릴 리, Letter From Leely ♩"
민짱,민짱의 일상 기록소
율무뚱,율무뚱디꿀로그:♩
파이,파이의 라이프매거진
앵이,앵이의 배불로그 ♡
김다람,애니멀커뮤니케이터 김다람
헤이디,헫이의 다정하게 아늑한
비비안,☆vivienne house☆
연년생맘,소중히 간직할께♡
호두알범,호두알범
흰디,흰디블로그
생기n신기,피부n생기
claire,claire's lifestreaming
온람마미,♡행복만땅 온이람이네♡
onpangem2,gohyune
행복지기,행복지기의 여행 스켓치
이나,기린아 세계일주 이야기
yeon jae,연로그
또또맘,방가방가
은하 Eunhi,은하의 계절
뉴트로진아,J.티모시X뉴트로진아
유쟈,ᴜ ᴢ ᴜ ʀ ᴏ ᴜ ɴ - ᴏ ɴ ᴅ ᴏ •ᴥ•
영심이,미라쯔 세상
정민맘,"새로운 세상,,자유로운 영혼"
대학생 호경이,MY Colorful Life
쨀리,쨀리의 블로그
하늘연달,Eat Pray Love ◡̈ ♥️
플로우지니,믹스미디어 아티스트
띠용,띠용띠용
은은,감성디자인_은은하게
슝2,Days with♥️
펭귄아내,"천천히, 꾸준히."
지나,소중한 기록
Lindo,OFFTHEWALL:D
루시인더스카이,동하맘은 처음이라...♡
혜블리,혜블리’s space
에블린,Evelyn의 추억놀이
남다름 l 유하맘,디자인하며 육아하는 워킹맘
기흐니,기흔이의 보디빌딩 세상
달콤 가나슈,달콤한 하루. 행복한 일상.
떼루맘,떼루의 언스쿨링♥
상상호집우집주inJEJU,집宇집宙 아기랑 제주도 숙소. 함덕펜션 그리고 1인실
뀨뀨뀨,마흔여섯&열세살&냥이~♡
세진,소소한 하루
탱고엄마,Therapist Sky
alohasisters,alohasisters
보노,보노의 일상
JINY,JINY's Sew Sunny Homestyle
인치안,행복한 이야기♡
에블린,Evelyn의 추억놀이
고삐,광화문 라이프
상상호집우집주inJEJU,집宇집宙 아기랑 제주도 숙소. 함덕펜션 그리고 1인실
게르만킴,Vielen Dank
한아름,a r e u m i n g :D
어떤오후,좋고 좋고 좋도다
BLUE빛깔,BLUE빛깔 이야기
바이허핸즈,바이허핸즈
바카사탕,MINT'S SPACE
sanghee,심심_잡문
캐나다댁,Life of 캐나다댁
조으나안조으나,This is what I like
안나,안나의 메모리박스 ♩
히구미,히구미
쏭,한순댁
달링박스,Darling Box :: Feels good :: by 달링
에이치에스글로우,HS_GLOW
릴리,"릴리, 이 순간도 한순간이야"
마음,"있는 그대로 좋아해줘,"
의주뷰티,uijubeauty 의주뷰티•패션
berry,₍₍ ( ๑॔˃̶◡ ˂̶๑॓)◞♡
작업실장,좋아보이는 것들의 작업실
솜씨,솜씨여행 ♡
해파리,잡다한 블로그; 잡로그
쑬쑬이,쑬쑬이의 사과나무
SHILOH샤일로,대학생 블로그 -샤일로의 타나토노트
claire,claire's lifestreaming
피아오,피아오 라운지 ♬
dtd,아이디치과
매력,잘 먹고 잘 사는 매력이 라이프
라메사,라메사 키친
달콤제이,달콤제이's Story..♥
꿀달래,"일상, 저장소"
여가,이중생활
리찌주,찌주의 데일리블로그 ♡
글리,글리의 못난이 극복일지
나침반,나침반의 행복찾기
알라,알라월드
라미,# 달콤한라떼
민지방,여 행
굥굥,굥’ Daily Log
개미,개미부부의 일상:)
조각이,마법의 설탕 두 조각
클로이,클로이의 해피런던
소형,소형그림전파사
민아,Mina's blog
초은아빠,힐링 마이 걸
라라앤,라라앤라이언
문화기획 장효선,"Lifestyle Parang,"
CLOUD9,CLOUD9 LAB
othilia 현진,아나운서 서현진의 블로그 :)
아이리스,나를 사랑하는 시간~!!!
오후의 햇살,후니랑 카르페디엠♡
쩌리짱,철이의 여행사진앨범
클레어,♡달콤함이 가득한 슈가베리♡
민지,민지로그
흰나비Jinny,영어.. 그리고 하루하루
지제리,지제리의 상상영어
monica_yuna,monica_yuna님의블로그
유키에,♥한일부부♥
빛날희,자발적 시골살이
Jihoney,Jihoney's blog
지봉,지봉이의 골든타임
열매평강맘,따뜻한 감성로그
윤민or민군야기,",,평범한건 NO,,"
뭉맘,뭉이랑 나랑
트윈맘,트윈맘의 소소한 일상
새곰맘,소소하지만 소중한 기록
솔라,기록장
초코혜,초코혜 365일 매일이 여행 ♪
린다,달콤한 다락방
케이트,센쓰 가득한 케이트
마리안젤라,마리안젤라의 소소 일상
누누,⋆⁺₊⋆ ♡̷̷̷ ⋆⁺₊⋆
러블리 뽀,♥러블리뽀 ♥ 러블리뽀의 행복한 하루
양리,홍대미용실 양리헤어 양리원장
붓든달,내.삶을.기록하라!
라메사,라메사 키친
콩이맘,nasign2001님의 블로그
허블리,예압*
지혜,"❝ 스물둘 그리고 스물셋 , ❞"
고고제인,고고제인의 꿀가족 스토리
빛날,Nation changer
책으로노는아이들,책으로노는아이들
셔니,♥셔니공간♥
bijou004,Always Sunny
냥부코,","
초록으로,초록으로 - 늦깍이맘의 작은 서재
도라에몽0624,아이피아안경원 효자홈플러스점
BlingBooBoo,블링부부
캐띠킴,"일상 속 모든 행복들, every day every moment"
백향,백향의 뷰티로그
수연,All About Suringo :)
toolz,패션툴즈
노미,무지개빛 Living & Beauty
온도,은은하게 지속하는
찡요,찡요의 일상생활
샤닝,요가샤닝의 일상 이야기❤건강 행복 정화
하늘색 라벤더,꿈이 이루어지는 순간들 :)
Cestmoije,오늘의 나
쑬쑬이,쑬쑬이의 사과나무
뭉,Tsom.LEE [티솜.리]
디자이너썬,디자이너썬의 해피하우스
참치의령,일분일초
페이지,페이지의 세상만사 체험여행
린,여행만 하고 싶은 린블로그:)
바람돌이,엄마건물주 바람돌이 대모험
수림,ᴅᴇᴇᴘ ʙʀᴇᴀᴛʜɪɴɢ
핑크뚱이 여니랑,핑크뚱이 여니와 함께하는 세상이야기
초코혜,초코혜 365일 매일이 여행 ♪
유스티나,유스티나의 이지한 마케팅
아란님,Her Fabulous Life.
히이,히이의 일기장
다다롱,다다롱의 솔직달달한 공간♥
달래달수,달래달수의 캠핑노숙일기
기오,My daily diary
에스비,마왕과 악마와 장로와 동거하는 용자
즉흥적인헤이지,헤이지의 suda 공간
하이디,하이디’s ordinary day
리치베리,도쿄일상 ......한국사람 해외생활기!!
지 우,MY YOUTH!
카모마일T,카모마일T 뷰티 패션 블로그
뉴트로진아,J.티모시X뉴트로진아
김사과,김사과의 블로그 : 아줌마로 멋지게 세상즐기기+
조제,프롬조제
날개,처음처럼
김다메,김다메의 생각다이어리 :)
시크한병아리쮸,시크한병아리쮸의 쮸블리한일상❤
조봉글,봉글동글
율무냥,Mew: Cats and I
깍쟁ㅇ1,"깍쟁ㅇ1의 Love the Moment, Enjoy the Taste"
하루,"하루, 시작"
소이윰,소소한이야기윰
칠팔구,"세상은,알아가는거야"
jiyouni12,JIYoUN'
에그타타,101번째 타르트
민,시간의 기록
메구미,메구미의 블로그
행복한 따봉맘,행복한 따봉맘의 따봉하우스
하나비,행복한 쎄오차니
인치안,행복한 이야기♡
보라보라,새콤달콤일상
다이애나,ordinary days
꽃미,brunch on the grass by 꽃미
다니엔,다니엔 BLOG...ing
해인,해인님의 블로그
최뮤즈,Choi Muse.
딸기쥬아,"안녕, 낯선 그대"
루아,세상을 향해 도전장을 내밀다!
달콤,d a l k o m c h o i c e
에그타타,101번째 타르트
승승,집 꾸미기 홀릭 by 승승
마이쥬,근사한 하루
MinG,다이나밍_ DYNAMING
in Blossom,꽃과 불.
루미에르,힐링의시간
솔세무사,솔세무사 웰니스블로그 :D
작은농부,작은농부네 방문해주셔서 감사합니다^^
jeongs,제이로그
오슈Oshu,오슈♡의 초코송이Life
죵이,죵이의 나와바리
민키치,나고야 민&키치의 한량일기
진기루,진기루 블로그
효봉찌,효봉찌 블로그
쌍둥이,집이 좋아
등깜엄마,등깜이네 집
손짬뽕,웃기는 손짬뽕
벼리,벼리블로그
앙앙월드,앙앙월드♪
쩡스,5년차관리어터
지니,지효 커플
오슈Oshu,오슈♡의 초코송이Life
윤민or민군야기,",,평범한건 NO,,"
앙앙월드,앙앙월드♪
연산농약사,연산농약사
내꺼야투투,"두아이 엄마, 행복한이야기"
윤집사,집사의 공간
클로이의 스윗홈,Chloe's sweet home:)
지온,여행의 힘
링링,동그란 일상' 아이링링
테펫,SECRET IDENTITY
다다,ᴹᵞ ᴸᴼᴮᴮᵞ
cotton candy,SupEr PoWer ASa ~ ☆
호호,우아한 가난뱅이
마이워니,Time to blossom..
쑬쑬이,쑬쑬이의 사과나무
김열매,열매마켓
수지아짐,Mrs.Moon House
망고탱이,♡망고탱이:) 일상 블로그♡
Jennn,Jenn의 Colorful LIfe
블루,스윗햄~♡
every22inday,애브리찐데이
순태,SoonTae
하하,하하의 아무말 대잔치 :)
봄이엄마 제시카,봄이엄마 제시카의 하루
쩜상달,쩜상달블로깅
지오상니,The Beauties of Geography
토라,연희동에 삽니다. 그리고 가구를 만듭니다.^^
시골사람 로기,초록 _ 기록
리본장,리본장
최꾸리,My favorite things♪❥︎
cotton candy,SupEr PoWer ASa ~ ☆
유요밍,귀요밍 유씨 유요밍♥
요메냐용,日本 에노시마 며느리
쿠당탕 누리쓰,쿠당탕 누리's
제이홈,제이홈 _ fabric&paper lab
풀꽃 향기,carpe diem!- 이 순간에 충실 하라!
보라보라,새콤달콤일상
링고푸딩,아덴64번가
윤,YUNIFUL DAYS :-) ღ
바카타,바카타의 동거동락
져니,기록장
한량이,★한량이의 배낭메고 지구정복★
최다,최다의 방랑여행일지 | Fromsong.com
chsh0225,반바네 이야기
란정,♬UN-Limited♬
한나,알록달록 한나.log
제인,제인로그
지니,지니 다이어리
무농,무농_소소한 일상
스마일루씨,스마일루씨의 일상블로그
Jeju Ainee,제주 아이니 (아이와 제주여행)
김한량,세상에서 제일 한량이고픈
효효경,Hour
분홍이,분홍집
뷰스타 까르멩,까르멩 일상 뷰티·패션
헨델,꿈꾸는 일상
돼냥,돼냥이의 일상
차차,차쌤 Blog
가현,My Lifelog
새아,"happysaea ** 엄새아, 행복한 순간들의 기록"
에스쁘아,가치 전달자 에스쁘아~♡
이평화,평화로움
테펫,SECRET IDENTITY
주혜lee,"지안카를로와 주혜, 일상의 기록 in Canada"
o2cool 오투쿨,샌프란시스코 베이지역: 일상 찍는 몽상가
기흐니,기흔이의 보디빌딩 세상
용자언니,용자언니와흔한삼형제들
지은,Prefer my life.
아리다움,아리다움
하늘연달,Eat Pray Love ◡̈ ♥️
프롬,Enjoy! 디스 이즈 프롬블로그
Joy,I Just
리현,리현로그 & 더스커피; Thus Coffee
유니스,"유니스의 뷰티,패션,인테리어,플레이팅 공간"
어줌,깻잎의 설움
져니,__eat_pray_love
seorryy,seorryy
아녜스 박,성실하고 싶은 여자 블로그
금별맘,네버엔딩금별스토리 '직장맘 후딱 밥해 먹기'
죵이,죵이의 나와바리
똔또니,서나쓰의 일상
분홍새,외딴섬
앵이,앵이의 배불로그 ♡
Bkms,혼다모터싸이클 대구북구점 부광모터샵
공순이,좋아하는것들에대한기록
챠니네,챠니네
m u i,L A C O M E T E
하루엄마,비숑프리제 하루와 나무
남의집고양이,남의집고양이
최다,최다의 방랑여행일지 | Fromsong.com
Cestmoije,오늘의 나
지연,건강한 삶
랄라,오늘 행복했다면 그걸로 됐어
Spare,Spare
엘레나 박은하,여행작가 박은하
리치베리,도쿄일상 ......한국사람 해외생활기!!
Jungs,별건없어
칠팔구,"세상은,알아가는거야"
레몬가루,버스 정류장.
지은,"Verweile doch,"
레이지데이지,Journey Holic_Daisy's blog
홍콩콩,Becoming superman
은루,Gyu+Because= GYUCAUSE
허니,"나의 일 년, 하루하루"
별을따다줄리,일상
작은농부,작은농부네 방문해주셔서 감사합니다^^
고재,즐겁게 살아봅시다
꽃찌,Romance for journey
Jeju Ainee,제주 아이니 (아이와 제주여행)
주리,MiniDelphinium
밍쓔크림,ෆ⃛ 밍쑤의 기록 ෆ⃛
영짱,영짱로그
루기린,루기린의 일상
수정,ෆ
또바기,또바기가 그리는 하루~
아리아LEE,C O L O R M E❣️
마법꾸미,*~ 로망을 담는 떡 ~*
G A Y O U N G,Cozy Corner
ㅈㅇㄹ,blog.
시나토이,키덜트 시나토이 일상
happy hana,Mrs. Holmes
뉴트로진아,J.티모시X뉴트로진아
릴리,사랑하는 내아이의 성장기록..
쑬쑬이,쑬쑬이의 사과나무
안다미로,안다미로 발상전환
HGYM24시 헬스PT,HGYM(에이치짐)
우봄날,일상 이야기 :)
keeniere,huyunagi
Rey J,너와 나의 사적이고도 미학적인 시간_
에그타타,101번째 타르트
민아,Mina's blog
김열매,열매마켓
예지,예블로그
발구미,주구장창노는 blog
우쿨파파의 일상,우쿨파파의 일상
뿡치,뿡칫 뿌붕칫
Tina,semi - charmed life
엉농후계자,꽃정이의 꿈
코코앤,코코앤 이야기♡
그림그리는 선,독일 미대생의 일상기록
하루나,하루나의 알쓸맛기행
Hailey,Daily
에그타타,101번째 타르트
수선화,수선화의 달빛작업실
에그타타,101번째 타르트
이미혜 지점장,같이 걸어가는 이미혜지점장
비,너의 정원
포미러브,carpe diem
지블리,"La mia campagna, 나의 들판"
Jiny,yh's travel diary : )
인치안,행복한 이야기♡
도로미,손뜨개하는도로미
바랑바랑,이리저리 바랑바랑
경원타일도기,경원타일도기 식사동510-6 965-4177/ 010.5917.4177
팀엑스핏,팀엑스핏 PT 스튜디오&헬스장
라라,ღ'ᴗ'ღ
아따빵빵,아따빵빵의 부자되는 소소한 보금자리
루아,세상을 향해 도전장을 내밀다!
쪙이,쪙이의 소소한 ʙʟᴏɢ
아이사랑,지리산6남매집
욜영,★All made by_yoL
백블리,쉬엄쉬엄. 느긋하게.
오늘도,ALL DAYS
도린,하하호호남매와 작은행복♡
캔들킴,캔들킴
켈리,안녕밴쿠버
멍라이언,멍라이언 in 싱가폴
라미,# 달콤한라떼
위빙데이,위빙데이(Weaving_Day)
S2ZERO,❤️셩이의 memories❤️
미쁘다,토리둥이네♥ 일상을 여행처럼 사는 신혼부부
소소 영국,소소 영국 마인드풀 노마드
슈아,voilà ma vie
군고,logomachie
비비안,☆vivienne house☆
집수니 라이프,백수 일상 기록
영,영 블로그
토끼소녀,반짝반짝 다이어리
이내야,쉼표♡
purple2,퍼플’s 재생불량성빈혈 투병기 since 2016.09~
귤공주,귤공주의 미캉월드
하로롱,하로롱 라이프 :)
claire,claire's lifestreaming
임체리,Mon cheri
현주,Hyeonju
SYSDATE,SYSDATE
Eding,"Be myself, no matter"
으나쪼,으나쪼의 세계여행기 Now Is Good !
니코니코침침,HAPPY BTS DAY
소신껏 NY,나만 좋다면야!
헤이닝,탐험가 헤이닝 ( ღ'ᴗ'ღ )
면봉,계장쟁이 @ 면봉
혜성맘,혜성맘의 행복냠냠
썬,썬이 블로그
루해,"숲과 나무, 그리고 쉬어가는"
고니예니맘,매일 매일이 소중한 오늘
셔니,♥셔니공간♥
백블리,쉬엄쉬엄. 느긋하게.
기린아,기린의 행복을 찾아서
미거,미국거지의 일상 블로그
이끌림,끌림_ 그 일상
메바,요즘 뭐해?
안녕희야,즐거운 안녕희야 세상
쫑쫑여사,쫑쫑여사
츄바카,EMO DAY ::
이로,#이로 아카이브
원,ONE STORY
쭈,Stella J story
나낭만씨,낭만적이야
나라쏭,The ‘Na’
아이사랑,지리산6남매집
인치안,행복한 이야기♡
예미,소중한 순간들
프로이,프로이 블로그
빛날,Nation changer
푸른빛부채,푸른빛부채 (Blue Fan)
HEXAGONIA,Story of Labrador Jasper & Life in Canada
에그타타,101번째 타르트
pepamint,감성 라이프 - 페파민트
리치베리,도쿄일상 ......한국사람 해외생활기!!
인치안,행복한 이야기♡
뷰스타 까르멩,까르멩 일상 뷰티·패션
애월더선셋,❤애월더선셋❤
김집사,"twinkle, twinkle"
디아,디아님의 블로그
최뮤즈,Choi Muse.
송송,송송 블로그
꼼꼼소피,소피의 정리로그
루미,루미의 Grit
키모리,키모리의 마음대로 라이프스타일
봄봄a,봄봄a의 여행 다이어리
내꺼야투투,"두아이 엄마, 행복한이야기"
Yoony,Yoony’s daily life
케이부인,"K, in grey"
윤블리,새콤달콤 ♪
난리,The HAPPINESS In My Life
쏘이,쏘이의 일기장
엘리사,엘리사의 Wonderland
곽부장,031-425-0008
육식아기,"Hello, sunshine!"
처음처럼,why9630님의블로그
반 달빛,반 달빛의 지구별 탐방기
블루,스윗햄~♡
벨라마마,"벨라마마, 오후의 휴식"
BlingBooBoo,블링부부
닥터하니,해맑은 한의사의 세상 바라보기
홈스타일러 로라,Noring by HomeStyler Laura
윰미,윰미의 신나는 일상 ♪
콩둥이맘,반려견 콩이&호둥과 함께하는 행복한 일상 기록소
Stella 스텔라,"스텔라가 전하는 여행, 건강이야기"
효니와 이도,찐자매의 일상기록
희한사랑,희한사랑의 이상한 나라
꿩란,미롱다란
성우 심규혁,July Lemonade
이상커플,이상커플의 이상적인 라이프
부자엄마,내공간.
잔디밭,푸른달 열흘
뉴트로진아,J.티모시X뉴트로진아
리빙스톤,"리빙스톤이, 여행을 좋아하는 너에게"
라임,나의 일상
죠니,Bunny•*¨*•.¸¸♪
초코혜,초코혜 365일 매일이 여행 ♪
solee,solee의 삶은 여행
유키에,♥한일부부♥
최선을다혜,최선을다혜
강민경,"안녕, 나의 인연"
지연,ᴊɪ ʏᴇᴏɴ ❤︎
애나,Anna's Happy Diary
혜정,지혜롭고 상서롭다
샤브레,Sable's daily life :)
쮸,"32세, 한창 꽃다운 나이 :)"
seonhuyng,keep it simple
러빙핸즈,사회복지 NGO 러빙핸즈 공식블로그
아이사랑,지리산6남매집
헤일리,헤일리아트
뿡유,"뿡유는 놀고, 먹고, 공부하는 중"
미니랑 오니랑,♡아이들과 같이 성장하는 중♡
레이지데이지,Journey Holic_Daisy's blog
카페인,카페인의 게임 라이브러리™
희 령,희 똥 이 네
초코혜,초코혜 365일 매일이 여행 ♪
혜성맘,혜성맘의 행복냠냠
짱이,베짱일기
제주언니 깐따삐아,동글락제주 자연먹거리
욜영,★All made by_yoL
뉴트로진아,J.티모시X뉴트로진아
연쨩,HEIMISH
SUSU,나의 일기장:)
G A Y O U N G,Cozy Corner
narinmong,Pensées
색담 story,색담 story
gokurdt,Life Player
책육아하는몸짱아줌마,사교육없는책육아
짱짱이,짱짱이의 추억공간 ♡
효얌,효얌블로그
여니거니맘,엄마의하루
제이아,제이아의 여행 기록
뜨레,정을잇다(뜨레한과)
달링박스,Darling Box :: Feels good :: by 달링
혜성맘,혜성맘의 행복냠냠
기흐니,기흔이의 보디빌딩 세상
에리카,연년생 워킹맘 해피 라이프
에그타타,101번째 타르트
앤,anne의 일기
베베뽀또,before sunset-
조이 Joy,Joy
Minari 미나리,미니프랑
내꺼야투투,"두아이 엄마, 행복한이야기"
무의,Muui Life
Daisy,♥예쁘고 당당하게♥
Joann,Dear. Joann :: 디어조앤
올케,올어바웃케이스
나금 선강,초연
밍밍,UNIVERSAL TRAVELLER
수퍼맘,"'수퍼맘'의 일상, 정리수납 Tip, 여행기♡"
시나토이,키덜트 시나토이 일상
blank BY,blank BY
랄라,오늘 행복했다면 그걸로 됐어
제이미,제이미 즈 라이프 ♥
테이스토리,테이스토리
박길현강사,박길현의 쇼핑몰 & 포토샵강의
져니,Jyeon_b
제미니,제미니의 일상 대환장파티
줴,줴 :D 나만의 스타일
김연두,연두랜드
찌나,찌나의 웨딩스토리
셔니,♥셔니공간♥
유화,Make you up!
방그레,방그레 뷰티 블로그
claire,claire's lifestreaming
와와,와와 family의 이야기 ~ 유라시아 횡단여행 with 슈
하루살이들,히어리 정원
칠팔구,"세상은,알아가는거야"
ourora,"dear, my diary"
호쪼니,j_hyn_h
buencamino 유징유,부엔카미노 유징유
혦밍,"기록,"
뷰스타 제이와이,제이와이 뷰티메뉴얼
오슈Oshu,오슈♡의 초코송이Life
옘이,빙글빙글놀이터
민댕,花樣年華
dahye,다혜가 하고싶은거 다해
안오준,안오준의 카라이프
Jully,고양이 그리는 디자이너
윤삼,윤삼팩토리
Minari 미나리,미니프랑
패션 워너비,퍼스널 쇼퍼/스타일리스트 패션워너비
신딩,하이 신딩
혜성맘,혜성맘의 행복냠냠
햄니,"HAMNY, daily log"
구리댁,가을구름(AUTUMN CLOUD)
발리키키,리폼하는여자 발리키키
oldcat,oldcat의 나른한 하루
DAHEE,얼렁뚱땅 다히블로그;-)
시니콜,"지금, 여기"
하늘연달,Eat Pray Love ◡̈ ♥️
은혜,은혜 ◇ 또 여행중
수란니수덩,"86,400초의 선물"
수지아짐,Mrs.Moon House
순태,SoonTae
루사,루사의 따스한 날들
샬라,All of my Journey
인치안,행복한 이야기♡
Joy,Joy blog :)
짱짱이,짱짱이의 추억공간 ♡
달콤맘,grateful
민이,나의 일상 기록 :)
퍼니안가구공방,퍼니안 -친환경원목가구 주문제작 원목가구
아지,아지의 여행과 맛집이야기
모들리,모들리(modlly)함께 사는 마을
나빌레라,아름따다♩ 향기 솜사탕 공간
하늘쟁이,이탈리아에빠지다
바겐,yaenny_yen
지니,지니 다이어리
하로롱,하로롱 라이프 :)
숙블리,seizethemoment
이당근,CARROT'S
민 혜,평화
봉자바리,봉자바리 HAPPY CUISINE
뷰스타 지끙이,[지끙월드]
모로하나,모로하나's Sweetpick
시니어파파,시니어파파의 노인이 행복한 세상
민주,민주의일상
쑬쑬이,쑬쑬이의 사과나무
드니,드니로그 기록모음
Cestmoije,오늘의 나
야야,태양티티켓
crunky,크런키 좋아해?
땅콩,늘 행복한 땅콩's
게으런 돌,나를 찾아가는 중이다
밴사슴,www.vancouverlife.kr/www.hellosmdigital.com
FAAY,FAAY 프랑스 미대 / 국내 대학 편입 및 대학원 입시
낭만주부,낭만주부의 소소한 일상
밍밍,UNIVERSAL TRAVELLER
뷰스타 수연,이것저것 뷰티 이야기
Josee,Joseeday
HN,HEENA's DD
Gina,ME AND THE CITY
베개미,베짱인 듯 개미
지니,지니 다이어리
수꽝이,어디감수꽝
마릴,마릴이네♥
콩꼬물,통통튀는 오늘에서 내일!! 콩콩 콩꼬물
꽃구름,Hello Earth
Jinny,지니의 다락방
GREENP,a series of records
하늘빛,休
잰니,我的日常生活 ⋆｡ﾟ☁︎｡⋆｡ ﾟ☾ ﾟ｡⋆
리군,리군의 작은 공간
에리카,연년생 워킹맘 해피 라이프
커트니럽,세상사는 이야기
미료,연약해서 씁니다; y&miryo
릴리제이,"남다른 마케터, 릴리제이"
henny mcphee,henny mcphee
JINY,JINY's Sew Sunny Homestyle
솔쮸,데일리 솔웹하드
리치베리,도쿄일상 ......한국사람 해외생활기!!
수빈 SUBIN,"Si me amas, ser va me"
샤브레,Sable's daily life :)
땡굴,아름다운세상~!
Elena,Elena의 일상
소정,먹부림 여행기♥
미자,우꺄꺄꺅 메에로오옹
손영호,농사와 사주이야기
달밍,"다합삶: 여행과 일상 사이, 가벼운 기록들."
양리,보람찬 유부생활
seorryy,seorryy
쑬쑬이,쑬쑬이의 사과나무
졔,졔졔의 일기장
초보이민자,시애틀 잭율맘
dacoong,오늘 하루도 안녕?
수형,s o o h y u n g - b l o g
주야,주야 블로그 ღ
sJ blog,sJ blog
Brillante,SOMDAY
웅글,사진을 찍고 보정을 합니다
m u i,L A C O M E T E
인치안,행복한 이야기♡
임대단,imdaedan의 보물창고
땡글,땡글이 블로그
이내야,쉼표♡
라떼곰,u n i q u e _
당,archive.
김지,김지의 작지만 확실한 행복
Jason,Keep going. No matter what
유리향,YURIHYANG
글 쓰는 김민정,흔한 김민정 중에 글 쓰는 김민정
오래옹,오래옹의 뷰티블로그
땡여사,땡여사
제인,제인로그
샤브레,Sable's daily life :)
까미노처럼,까미노처럼
BlingBooBoo,블링부부
유리나,유리나의 소소함 가득-:)
네모,상상과 현실의 경계에서..
솜이,SSOMVELY_U
제이아,제이아의 여행 기록
햇살한스푼,워킹맘 햇살한스푼의 후다닥 집밥 ♬
Sop YS,Maison de Soprano
쑬쑬이,쑬쑬이의 사과나무
바보탱이하니,바보탱이하니's 부동산 스터디
이탄,DREAMS UPON THAMES
늉블리,늉블리☆ Mοοnlight
비바초이,"'아이, 세상을 만나다' 비바초이의 블로그"
유진,YUJINLOG
캔들리,캔들리하우스
헬로쏭쏭,헬로쏭쏭의 러브하우스~♡
로브제,로브제엣홈
토끼,감성디자이너 :)
LovelySocialT,내 인생의 Season2
리니,Lynlog
예쁘게 살림하는 여자,예쁘게 살림하는 여자의 살림 놀이터
seorryy,seorryy
쁘띠맘,슈크레쁘띠맘의 행복한 베이킹
주니,Morgend
루아,세상을 향해 도전장을 내밀다!
영어강사크리쌤,영어강사크리쌤 - 좋은 것은 나누자!
워니맘,워니's Diary_ Remember this moment
양갱,취미로 하는 블로그
Vassago,지금 일기장
유세이,유세이 블로그
부지런한민정씨,해피해피케이크
나라쏭,The ‘Na’
고구마,행복한 고구마
라떼곰,u n i q u e _
미니쟁,미니쟁의 미니뷰티
미쁘다,토리둥이네♥ 일상을 여행처럼 사는 신혼부부
예인,#보배로운 일상#
칠팔구,"세상은,알아가는거야"
죵이,죵이의 나와바리
뷰티덕후보나,뷰티덕후보나
도록,dolog
US Peanut Butter,피넛버터와의 미국/뉴욕 생활 입성기
여름다움,SUMMERNESS; 여름다움
좋은날,허니맘의 달콤한 일상기록 ♡
윤자씨,윤자씨 ♡
혀니오,아이폰으로 담은 일상 :)
연준이,Adventure part 4.Mental is unbreakable
지니,지니 다이어리
maybewoooo,Primavera
Joy,Joy blog :)
쩜상달,쩜상달블로깅
toki,"toki, 36.5日 감성 라이프"
썸블리,썸블리 뷰티시크릿
미니99,미니99 스토리가 있는 삶
매화동솔이네,https://smartstore.naver.com/sol2ne
Little one,KEEP CALM AND BE FOREVER YOUNG!
이시똥,난다 난다 신난다
키즈리턴,"N잡러, 디지털노마드를 꿈꾸는 평범한 엄마"
에피,에피의 날마다 좋은하루
곽부장,031-425-0008
아밤상,밤 이야기
핸밀,마음편한 쉼
멍하니,멍하니바라보기 △
스마일레인보우,Yeong's story
도나별리,"노르웨이숲 4남매, 도나별리♥"
최다솔,happy_mood
o2cool 오투쿨,샌프란시스코 베이지역: 일상 찍는 몽상가
Lim,다중이자매의 일탈♬
라떼곰,u n i q u e _
아임샘,"아임샘의 엄마표놀이, 아기반찬"
아마추어워킹맘,프로 워킹맘 되기
꽁이,꽁이의 사진으로 담는 일상
서아맘,♡서자매와 함께하는 행복스토리♡
루기린,루기린의 일상
보미,from . my youth
다미,다미네 결혼생활
쑹쑹,serendipity
네일리스트이정란,라니힐링네일
wd,일기
BlingBooBoo,블링부부
시백,두바퀴
쑬쑬이,쑬쑬이의 사과나무
행운,행복이 넘치는 집
올라나라,삶에서 가장 아름다운 순간
서히,오늘도 여행
유부안나,유부안나의 소소한 일상
멘토,밝은미래 알뜰한 정보
영 YOUNG,청춘시대
엘레나 박은하,여행작가 박은하
글쓰는 양양,양양의 행복한 기록
어줌,깻잎의 설움
마카롱,macaron's homebaking
eun2ya__,by eun
로리로리롱로리,또니네 joyful day
BlingBooBoo,블링부부
모카,NUEVA ZELANDA
하늘연달,Eat Pray Love ◡̈ ♥️
최다,최다의 방랑여행일지 | Fromsong.com
지조,thinking inside the box
다솜,솜솜이 일상
빡지,꿈을 낚는 빡지스토리
짜붕,월급털어 화장품 사는 짜붕쓰
서면 PTBOX,변화의 시작. PTBOX 서면점
행복한아이,행복한아이/행복한일상
쑹쑹,serendipity
솜씨,솜씨여행 ♡
32108,Box
나날,나날.
별춍춍,Star's Echo 별의 소리
몰리고마켓,몰리고마켓
미니랑 오니랑,♡아이들과 같이 성장하는 중♡
Cherry,스쳐가는 기억들을 기록.
릴 리,"레 터 프 롬 릴 리, Letter From Leely ♩"
금발이,금발이 일상블로그 #
miLcake,miL cake
남긍정,소소한 꿈공간' 3 '♡
진진,JINZZZIN
쑹쑹,serendipity
장히,오롯이 담다
롱이,Salon de me : 롱이로그
은주,준비중
헤어짱,모발과학 열펌전문점 하루 헤어
뷰스타 한이,한이의 뷰티라운지♥
앵이,앵이의 배불로그 ♡
굿데이지,매일매일 굿데이지 :)
woojae,우재의 올리브 동산
메튜,메튜의 프랜치 프로젝트
봄스스,제주도의 봄스스
쥐쥐티GGT,생활 밀착형 블로거가 꿈 입니다
TopChic,LuckyGuy TopChic
오슈Oshu,오슈♡의 초코송이Life
해디,해디블로그
박하꽃새댁,박하꽃새댁의 블로그
햇살한스푼,워킹맘 햇살한스푼의 후다닥 집밥 ♬
메라포,MERCI LA FORET 고마워 숲.
콩슈니,* 콩슈니의 뷰티&홈쇼핑 *
YOUNG,행복을 찾아서
양리,보람찬 유부생활
지르바,Wohnraum
Booba,花樣年華
다니엘조,다니엘의 캐나다에 산다
양리,보람찬 유부생활
mel,MELBA
뷰스타 한이,한이의 뷰티라운지♥
율리아,"율리아의 공간, 기록장"
짬짬이,짬짬이 놀며 배우며...
달보드레,M a y b e ♪
김개옹,⋆｡˚ ☁︎ ˚｡⋆｡˚☽˚｡⋆
오세롱이,♥하나뿐인 내인생♥
개똥이네,따뜻한 개똥이네
예붕이,예붕이 이야기★
채채,CHAEIARY
호날두렁,호날두렁
아장경,상쾌합니다
Abby,Abby's Attic
콩쥬언니,콩쥬언니의 작은 부엌
별춍춍,Star's Echo 별의 소리
시원쿨,Oneh_log
Daylights,외대생의 뽀짝한 하루
모들리,모들리(modlly)함께 사는 마을
zoo,heehee_oh님의블로그
강릴리,머물기 위해 떠나는 일상 여행
스크루지,스크루지의 여행 ~ing
추녀뿡이,秋.女.空.間
미소,미소의 세상
헬스앤뷰티365,Clinical Dietitian Kim(DK영양클리닉)
초자아,S U P E R E G O
리쩡,리쩡의작은창고
꾀꼬르,꾀꼬르네 홈스토리
뷰스타 별쌤,그로잉살롱 본점 실장 별쌤
달정,belong to my world_
쭈루살이,이랏쌰이마세
밈미,"할 수 있는 마음, 변치 않는 모습"
솝니,조용한 또또의 일상
내사랑 똘똘천사,♡존재하는 것만으로 감사해
by1719,+하루
영이,일상을 담다
미뉴데이,"MinuDay,"
가온마루맘,"두 남자, 두 여자가 사는 집"
나무처럼,나무처럼
수피아,여름엔 마스크 좀 벗자~
하니맘,♡ 하니맘의 러브하우스 ♡
봄봄a,봄봄a의 여행 다이어리
쑬쑬이,쑬쑬이의 사과나무
백블리,쉬엄쉬엄. 느긋하게.
낭만주부,낭만주부의 소소한 일상
림림,지구별 여행자 림림의 이야기
도시다람쥐,도시다람쥐 여사와 함께하는 HYGGE♥
김지현,김지현
희연사마,"blog,"
미음,미음블로그
토끼네곰,토끼네곰의 블로그
라콩,* 라 콩 의 취 향 *
Amy,Amy's blog
던듀,Hi ;-)
류재무,너구리 가족의 땅굴 밖 여행
쟈스마니,쟈스마니가 사는 세상
은또니,또니또니은또니
your sienna yun,thank you for another beautiful day♥
오롯희,OROT:HEE 답게
애콤,애콤의 블로그
행운,현실과 이상 사이
이내야,쉼표♡
Ryuna,딥퍼플 코코넛
미숑,★- 미소의 세상 -★
알꿍,알꿍 박스
Daisy,Be awesome Today !
초코혜,초코혜 365일 매일이 여행 ♪
쿠쿠이,kukui
씨율,씨율의 씨율로그
프리티걸,나를 위한 시간 ♡
정이,기록이 정보가 되는 공간
아이린nyc,Irene in NYC
라온정이,일상 그리기
jiyouni12,JIYoUN'
승희씨,해외생활전문블로그
뫄 Moa,뫄블로그
happy hana,Mrs. Holmes
HOTCHiC,h o t c h i c
릴 리,"레 터 프 롬 릴 리, Letter From Leely ♩"
옌옌,yEEun
쑬쑬이,쑬쑬이의 사과나무
달콤한엘린,달콤한엘린
미농,미농 뷰티풀 라이프❤️
오슬로버드,오슬로버드의 스칸디 저널
K맘,K팸의 애정돋는 Story
옥뚜,옥련댁의 뚜형제키우기
몽블리,몽글몽글한 몽블리
SilverRain,'-'
쏘오,쏘오 딜리셔스
오늘도,ALL DAYS
wowjackie,wowjackie 믿음의 모험
작업실,작업실의 멋스러운 작업이야기
에그타타,101번째 타르트
유라,Some things take time
파리쓰,"맛있는 파리이야기, PARILOG"
해바라기,kiee7님의 블로그
ministory,MINISTORYღ
에그란,계란의 삶 : egg’s life
인치안,행복한 이야기♡
랄라,오늘 행복했다면 그걸로 됐어
연우,연우로그 뷰티톡
예붕이,예붕이 이야기★
ppong,"천천히, 그러나 끊임없이"
죵이,죵이의 나와바리
쑬쑬이,쑬쑬이의 사과나무
새미,◆ 새미의 데코앤하우스
쑬쑬이,쑬쑬이의 사과나무
호옹,HONG
대아농원,"대아농원, 건강하고 올바른먹거리"
제하,제하네 쌓이는 시간들 :)
YEE,YEEUN
하니맘,♡ 하니맘의 러브하우스 ♡
뉴트로진아,J.티모시X뉴트로진아
라떼곰,u n i q u e _
셔니비비,뷰스타 셔니비비 패션 뷰티 홀릭
유화,Make you up!
율무뚱,율무뚱디꿀로그:♩
베네핏로즈,Benefit Rose
롬로미,롬로미의 Daily Life♪
쥬,JUBLOG
에스라 에스더 맘,피아노 치는 엄마
벤사마,벤사마의 습관적 여행
에그타타,101번째 타르트
핸니,☻ ☻ ☻
블루밍엘,blooming_L
류리,류리 in Amsterdam
안녕희야,즐거운 안녕희야 세상
밈미,"할 수 있는 마음, 변치 않는 모습"
날랄,쪼꼬랜드
은녕,으녕이의 일상
서반장,HA Syndrome 2020
김이룸,욕망부자 김이룸의 욕망 이루기
펩선,펩선 [리즈페페] 해외살이
크앙이,크앙이블로그♥
이상커플,이상커플의 이상적인 라이프
플루메리아,리뷰하는 배롱씨
글로우,JOIE DE VIVRE
끌로이,Chloe's Home & Antiques 끌로이 홈 & 앤틱
본본쓰,본본쓰' 일상로그
림림,림림블로그
꽃동희,"사람향기 풍기는,"
Wisecolumn,일상과 생각의 복잡미묘함
신세기베짱이,신세기베짱이의 Trip&Food
쑬쑬이,쑬쑬이의 사과나무
JenniferH,채용큐레이터 START
징홍,Love myself
로브제,로브제엣홈
물결풍뎅,풍뎅이의 하루
유무,유無의 편애의 수레바퀴
앵이,앵이의 배불로그 ♡
jueunn,:D
team max dive,팀맥스 다이브 리조트
수미조아,SUMIJOA DESIGN
김꼬깜,안녕한지호
남탱,반짝반짝 빛나는 원더랜드♡
판야,::해왕성에서 지구로 마실나온 판야의 은신처::
가방 만드는 아줌마,울산 가죽공방 La mano
근땡이,♡근땡이의 COOK N BAKING♡
유니,유니의 일상♡
나래씨,나래씨 블로그.
영이,"all your day, all your mind"
썬,따뜻한봄봄봄
judang,ZZU의 두서없는 블로그
신아로미,신아로미의 갑작스러운 여행
Hailey,"오늘도 한발짝 두발짝, Be yourself"
BlingBooBoo,블링부부
JabberMentor,JabberMentor
Alice,안녕♬
경쁘니,경쁘니 Blog ♡
돼지삼형제,'heo story'
쿙으니,쿙으니의 맛난일상 :)
린,린스워크룸
콩쥬언니,콩쥬언니의 작은 부엌
제이,J's HOME♡
허니버니,Honey Bunny
SIEUN,FOUR SEASON
걀이,걀이네 놀이터♩
보라보라,새콤달콤일상
디자이너효돌,효돌's 스크랩북
캔들킴,캔들킴
나나,나나로그:)
아리솜,아리솜의 짜릿한 뷰티
아니쥬,BON VOYAGE ♡
이매댁 루나,이매댁 블로그♡
예빈,eternal sunshine
쩡이,쩡이의 여행같은 일상살기♥
레몬에이드,youngeune님의블로그
센쿄,센쿄의 데일리
슬기블리,의식의 흐름
지영,in A u s t r a l i a
초고속거북이,거북이는의외로빨리헤엄친다
김츤츤,내 기억의 습작★
정호중샘,멍멍샘의 교실
효빙,집돌이의 잡다구리☁︎︎*.
리현,리현로그 & 더스커피; Thus Coffee
하지아,Bravery Makes Bravery
happy hana,Mrs. Holmes
코코라온,코코&라온
골디락스,GOLDILOCKS
라밍,뷰스타 라밍블로그:)
알뜰한 나무맘,나무맘의 소소한 일상!
승히,승히 D’ ෆ
Jasmine,재스민 블로그
최블링,최블링의 유리감성
Rosy Seo,로지의 빨간 방
워니맘,워니's Diary_ Remember this moment
BlingBooBoo,블링부부
유기농 사람,유기농 블로그 1호점
Cestmoije,오늘의 나
규리씨,규리야기
쥼,소소한 기록장
천국시민,세상을 밝히는 빛
뚫어뻥,뚫어뻥's Singapore LIfe
BlingBooBoo,블링부부
하늘연달,Eat Pray Love ◡̈ ♥️
루치아,Queen of cake
챛채,희블로그
노량진미식가Dan,노량진 맛집
룰루케이,룰루케이의 꼼지락세상
미쓰그리다,미쓰그리다의 소소달달 : )
난아,난아의세계
hye,Kelly with you
윤서,보통의 하루
샬랄라공주,두근두근?
보름달,보름달 FCDA
정샤,먹는 게 남는거지
무의,Muui Life
로Heeda,Be Happy ! Hee~*
아이닝,눈누난나
쪼원,쪼원's 엄마놀이터-울산놀이경제연구소
꼬또네,매일매일이 선물
최다,최다의 방랑여행일지 | Fromsong.com
헤스티아,HESTIA STYLE
빵굽는코끼리,mercioven
무의,Muui Life
내꺼야투투,"두아이 엄마, 행복한이야기"
뜨리공쥬,ෆ뜨리공쥬 일상ෆ
하루,"둥이맘 하루의 맛있는, 여행. [はる♡]"
dalp,Things We Met
노량진미식가Dan,노량진 맛집
엉리,웰컴투'엉리월드'
레체리,Nouvelle Vague
하늘쟁이,이탈리아에빠지다
노다,소소한 일지
원이 이야기,돈잘버는 프리랜서
커드남 워니,천사들과함께~(워니의 커피&해루질이야기)
이집사,우다다담
오투영,책: 02.p
소소,Every single precious moment ღ
Vambie,할 건 하는
catharina,catharina
미소,Dear.miso
별총총,별총총
grace,themoment
김냉면님,맛있게 사는 김냉면님 :)
최뮤즈,Choi Muse.
YuKARI,YuKARI
꾸옥이네,꾸옥이네 행복한 일상
채옹이,always shining .
초코혜,초코혜 365일 매일이 여행 ♪
김다해,sea sea sea!
박곰,Gom's diary
스윗도넛,글 쓰는 도넛 (유튜브 김민영의 글쓰기 수업)
HARU,내가 좋아하는 것들
가영,"나의 하루하루, 월화수목금토일"
기몽장군,김매력♡남매의 추억 앨범14-19
에셈리,기록담당 에셈리♥
가영,A d e l a
하이제이,"하이제이, 반짝반짝 빛나는"
Yum,ღ마지막 연애일기ღ
리리,리리월드
로나,일상기록•••
미리미리,미리의 맥시멀라이프*
쑹쑹,serendipity
세 히,Ｄａｉｌｙ ｌｉｆｅ
양나뇽,양나뇽의 통통한 블로그
곽자,곽자로그 :)
에버애프터,에버애프터
bbalong,BY boyoung
메이크업예응,Addicted 이예응!
쑹쑹,serendipity
catharina,catharina
초코혜,초코혜 365일 매일이 여행 ♪
먼지주부,먼지주부
HEE,"그날, 기록"
이내야,쉼표♡
쑬쑬이,쑬쑬이의 사과나무
삐삐,신나는 꿀쨈 가족♡
개구리소주,소맥나라 해장공주
소아저씨,개어멈 개아범의 개와의 생활
또니,행복을 향하는 일상
쑬쑬이,쑬쑬이의 사과나무
죵이,죵이의 나와바리
퐝,마음대로
연이색시,연이색시의행복한이야기
랙디,진진형제
tr sys,well-opened space
MIYO네집,MIYO네집 healing process
vira,옛길-꽃이피다
m u i,L A C O M E T E
안나,Anna Market
이탄,DREAMS UPON THAMES
미리룸 마켓,miri room
행복한 별별햄,행복한세상의 행복한별별햄님!
최바비,레이첼 블로그-♡
당근쥬스,당근쥬스의 Fly High♬
블루,★The Only One thing★
period,To do.
MJ,미꾸리월드
목공예,나무공예이야기.창녕 부곡온천.각종 목공예. 사과농장
은짱 in London,은짱 in London
La Ciliegia,"아직도 너를 사랑하고 있어,"
유나레,Life is connecting the dots
으디,〰️〰️
무의,Muui Life
기록하는 슬기,슬기의 움직임 그리고 기록
leehue,turn on the romance
백만순이,FOOD LOVER
나꿍,Ｔｏｄａｙ’ｓ ｍｏｏｄ
Anna,또 다른 나의 공간
쏭,S T A R I N G
윰로그,윰로그
나미띠,나미띠의 먹고사는기록
뽀,뽀의 소소한 일상
듬아,듬아의 화장품놀이♡
두imom,。 만두랑 교자랑 씬나게 노올자♡
아솜,아솜의 오늘의집밥
요즘일기,.
배창현,Today me
TopChic,LuckyGuy TopChic
앨리스,빛나는 하루하루
Jay 제이제이,"제이제이의 모든것에 대한 리뷰, 그리고 생각"
코코니,꼰꼰로그
릴 리,"레 터 프 롬 릴 리, Letter From Leely ♩"
민이,나의 일상 기록 :)
잔나,잔나의 블로그
권방진sunny,아이와 함께하는지금이 행복한 시절
정규,정규 블로그
숲JM,성인발레 힐링공간 <발레숲>
오똥이네,바쁜시골여자 _ 오똥
두부먹고 하얘짐,두부 먹고 하얘져서 노닥거린 오늘은
Alice21,즐거움
작은빛,사랑하는 영혼만이 아름답다.
위즈덤,Cantabile
밝을소,소중한 일상 사진 기록
자애,"자애, 행복하기에도 모자란 날들"
텐더그린,텐더그린의 과하지않은 블로그.
모모,티거맘의 달달한 하루 *
미양쓰,미양이의주저리
Sweetpeanut,sweet peanut’s.
다즐바이,대단히 흥미로운
유리향,YURIHYANG
써니,'宣'의 손길이 머무는 곳
헬로키즈쿡,헬로키즈쿡
쵸,= 쵸 1 상 =
애정,애정이 넘쳐 흐름
라떼곰,u n i q u e _
라라라곤,즐거운 곤의 하루 :: 곤스냅 그리고 연후스튜디오
Max,Max.K 의 블로그
작은빛,사랑하는 영혼만이 아름답다.
낭만마미,이히히
곰팅,곰팅이사는이야기♡
로리,로리의 일상 블로그
드타미,"Detamy,"
Olivia,Olivia's sweet life♡
영깽이,조용히 떠들자 시끌시끌
도시다람쥐,도시다람쥐 여사와 함께하는 HYGGE♥
인치안,행복한 이야기♡
허니쉬,"달콤한 꿀, Honeysh world"
오키데이,오키데이는 육아여행중
연우,연우로그 뷰티톡
지나가는사람,사랑하는
호치민 묭,호치민 딸기원피스
헤이든황,Hayden의 일과 일상 공간
진유,"日常,日记"
Sophie,Sophie's House
행복달,행복달의 선물같은 하루
아코,아코의 일상
비나비,Seize the day ♥
햄니,"HAMNY, daily log"
Cerf 세흐,La Forêt au printemps
ROMANTICO쮸,"로맨티코, 당신이 로맨틱해지는 순간"
Dianita,참니 블로그
mone,storymone
제제,제제의 달콤한 속삭임
도톨맘,소소한 다락방.
쩜상달,쩜상달블로깅
상상공작,문화예술교육 컨텐츠 개발 법인 상상공작소
Wallflower,담백하게 살거야
레이첼,"햇살가득 , 행복한 우리집 :D"
zyoungc,개인의 기록
유라,Some things take time
혜민,혬’s blog
부자만세,부.자.만.세::부천자생이만들어가는세상
개냥미뿜뿜 모블리,하나뿐인 모블리와 집사의 소소한 일상 이야기
꼬마별,Always Twinkle
안녕희야,즐거운 안녕희야 세상
여행가세라,여행가세라 여행블로그
낭만앵,아뜰리에 낭만앵 베이킹 스튜디오
스르르,Searching for meaning
작은빛,사랑하는 영혼만이 아름답다.
봄날처음,날마다 좋은 날
강블랑,강블랑 블로그
Melanie,Living in Austin
dacoong,오늘 하루도 안녕?
유비나,유비나의 트윙클
이레네,"★이레네, 기억을 담는 시간★"
로나리,로나리'S 블로그
쑬쑬이,쑬쑬이의 사과나무
대꾹,단무지네 X 와락펫푸드
율이맘,★율이맘의 호치민일상★
깡지,in Heart
jjaeholic82,Rihavie :)
짐니,짐니의 놀이터
쑬쑬이,쑬쑬이의 사과나무
깨깨,Ordinary Miracle
엉리,웰컴투'엉리월드'
코리어답터 김코덕,코덕의 세계는 끝이없다.
토종다래 자연마중,유기농토종다래 자연마중
숩인,SuB1n B1og
기도하는로그,아름다운 살아내기
BINA,상해비나네
CHLOE,로맨틱트래블러
헬레네,헬레네의 극히일부
미랭미랭,미랭미랭
제이블랑,제이네 한별이
재히,재히스토리 (๑❛ڡ❛๑)
지멩,지멩
종근당근,약대생의 삶
bijou eunoia,아기자기한_아름다운생각:)
밍밍,UNIVERSAL TRAVELLER
깽이,아침향기천연공방♥깽이네 점빵!!
달콤미니미,달콤미니미 행복이야기
Brent,국제 활동
위드미,위드미 아름다운 당신을 위해 with me
Bercy,향기로운시간_Bercy Village
아뜰리에블랑,강남 가죽공방 아뜰리에블랑
작은빛,사랑하는 영혼만이 아름답다.
punghappy,해피인말레이시아 (Happy in Malaysia)
시골수지,시골수지
미정,아름다운 날들
리현,리현로그 & 더스커피; Thus Coffee
헬로코코,실비아비치
알라,알라월드
칼과나,"천천히, 한걸음씩, 그러나 멈추지는 말 것!"
더샤인,생얼이 더 빛나는 더 샤인
권방진sunny,아이와 함께하는지금이 행복한 시절
지블리,"La mia campagna, 나의 들판"
달달한시럽,달달한 시럽
뷰스타 세리나,세리나의 뷰티 헬스 이야기
claire,claire's lifestreaming
tomii96,※토미의 일상 블로그※
콩슈니,* 콩슈니의 뷰티&홈쇼핑 *
혀니,조현희블로그
꼬마영영,꼬마영영의 소꿉놀이터 ♡
쑬쑬이,쑬쑬이의 사과나무
Day Off,Day Off
jamnali,각자의 生
안다현금이짱,안다현금이짱의 아무이야기
아라빵,내안에 하늘과 숲과 그대를
그노,향기로운 삶을 위하여
옌,예니의 일상
봄인가봄,나는 엄마'-'
지연,보통의 일상
기기유,꽃이 진다고 그대를 잊은 적 없다
내맘대로에율,율이네 낙서장
보르무,루미로그
미네짱,일상 기록장
조이,♪ Joy's Joyful Life ♬
soonish makeup,☆
여니거니맘,엄마의하루
까미원 청이,까미원흑염소농장
봄,"Love, and be lovedღ"
정이,기록이 정보가 되는 공간
유키에,♥한일부부♥
서누,ex·cel·si·or
라피헨느,라피헨느의 일상뷰티♥
눈공,행복이 모두 나에게로
Bella,Bella's life
이웃집딸,이웃집딸 : 좋아서빚는떡연구소
Joon,우리가족 추억 저장소
제주봄날,봄날
우피,슬기로운 육아 생활
히히,The daily life of grace
DELTA,
제이,MI AMOR
엘로이즈,엘로이즈의 이루어짐.
leah,❄️
정미니,Jmyee
수홍이,아름다운시선안경
이응,이응공간♩
윤뜨,조용한 곳에서
현쏘,쏘쏘쏘
콩쥬언니,콩쥬언니의 작은 부엌
일로레더,부산 일로가죽공방
메종 드 플로라,메종 드 플로라 atelier - 캔들 / 프랑스자수
다즐바이,대단히 흥미로운
벼리,세상사는 사람들의 사랑_Silver Star
Kat,In progress
통이,Mid-July
카즈하,알다가도모를카즈하
금속방앗간,금속방앗간
하하하진,하하하하진님의 블로그
열혈대디,육아에서 여행으로 열혈대디 블로그 시즌2
유니,유니의 일상♡
별엔아,별엔아 공간
빠오,Bao's Travel Story
좌라,A.ralog
스텔라,"러브유어룩, 스텔라"
뉴민,YOUTH
생선,"생선님블로그,"
밍고망고,밍고망고의 망고하우스
ROMANTICO쮸,"로맨티코, 당신이 로맨틱해지는 순간"
sunshine,Pogney House
비클레어,포근한 이층집의 하루
알라,알라의블로그
메바,요즘 뭐해?
haru,너는 나의 봄이다
시하,Into Blue Ocean
Dr Yena,의욕충만 여의사의 한눈팔며 살아가기
에이영,에이로그♪
SSOL,"솔, 일상 기록장"
주블리,주블리블로그
케세라,쎄라's 블로그
danbee,단비의 일상 블로그
스테그,#자동차 #주차되는 맛집 #국내외 여행 #휴가 #캠핑
보미,♬ MY FAVORITE
KingBug,KINGBUG'S STORY
미니삐,미 니 로 그
지숭,나의 overwhelming 20' - 지금하자 일단하자 그냥하자
한점순수,한점순수 여수공방
냠홍,기억을 위한 기록
수려네 김 새댁,달콤쌉싸름 보통날의 기록
유리나,유리나의 소소함 가득-:)
꽃똥이,Table Qui Rit_테이블끼리
눈꽃,눈꽃 작업실
로Heeda,Be Happy ! Hee~*
민트초코라떼집사,삼냥이집사의 소소한 일상
buencamino 유징유,부엔카미노 유징유
MARI,일상적인 삶
망고땅콩,"망고땅콩 꾸밈, 블로그"
하루,시간이 멈춘 곳
디혜디혜,♡아리니와 함께하는 매일♡
최뮤즈,Choi Muse.
레이니데이,R A I N Y D A Y
핑9,소소한행복의일상을위해
쑬쑬이,쑬쑬이의 사과나무
트래블썬,바보라서냥트래블
NohJu,Nohju_Log
쑬쑬이,쑬쑬이의 사과나무
젼,Love yourself ಇ
오당고,미국인 남편 한국인 부인 국제커플의 미국살이 이야기
오키데이,오키데이는 육아여행중
안젤린,"ANGELIN, 그날의 우리 ♥♥"
스타일이나,스타일이나
안슈,달콤한 안슈네
재히,재히의 소소한 일상
쩡지파파,"지안안경 <젠틀몬스터, 모스콧 용인 공식매장>"
달콤채앤완맘,달콤채앤완맘
slow yoga,잠실 슬로우 요가 스튜디오
면봉,계장쟁이 @ 면봉
제니,제니제니
디로긴,디로긴의 잡블로그
라밍,뷰스타 라밍블로그:)
미리룸 마켓,miri room
KM,즐거운 일상
슈니슈니,슈니로그
제이드,Jade Land ♪
JINY,JINY's Sew Sunny Homestyle
floralbbana,세계적인 필러시술의 권위자
부뚜막,이태리부뚜막
all about 혦,all about 혦
제주왕자,제주왕자
hi염이,"하이, 염이 :)"
노량진미식가Dan,노량진 맛집
곰팅,곰팅이사는이야기♡
duen77,어리버리레지나의 일상속으로
SUE현,인생은 秀晛처럼
ANNE,ANNE'S YARD ✨
블루,스윗햄~♡
쮸르,주아앤 쮸르 :-)
쑤이,쑤의 일상페이지 :)
썸블리,썸블리 뷰티시크릿
조미조아,조미조아
다은,ᴍᴏᴍᴇɴᴛs
송냥씨,송냥씨
예빈츄,Blog/y_b
하영,하영 블로그
윤자씨,윤자씨 ♡
JINI,▫️JINII'S STORY▪️
금속방앗간,금속방앗간
3i대장,사랑니에서 양악수술까지
달콤채앤완맘,달콤채앤완맘
성주맘,성주는 즐거워~~
Kyu,Kyu의 미국 캘리포니아 영어캠프
촨,잔듸캘리
다미,다미네 결혼생활
생귤탱귤,"생귤탱귤 :: 평범하지만, 조금은 특별한 공간♩"
융토리,"어제와 오늘의 기록,"
알라,알라월드
오베르캄프,::Oberkampf
Jinzu,내맘대로 살꼬야
에그타타,101번째 타르트
미농,미농 뷰티풀 라이프❤️
조라떼,idwh
쩡,새로운 시작
땡구땡구,잡다땡구스런 육아•일상
파티영,저는요즘다이어트중입니다
최대표,최대표 뷰티&패션
건강이와 튼튼이,건강이랑 튼튼이랑 일상&육아 이야기
먼로,All is pretty : 먼로그
Lovely Croa,The Romantic♥
로Heeda,Be Happy ! Hee~*
쑬쑬이,쑬쑬이의 사과나무
ROMANTICO쮸,"로맨티코, 당신이 로맨틱해지는 순간"
순이석이,순영석 일상 &여행
노량진미식가Dan,노량진 맛집
그녀의 바르셀로나,그녀의 바르셀로나
두두,2020
김밤비,소소한 하루 ♥
최고봉,네가 달리면 하늘이 열리고 땅이 울리지 Happy 포에버
연우,연우로그 뷰티톡
US Peanut Butter,피넛버터와의 미국/뉴욕 생활 입성기
율무뚱,율무뚱디꿀로그:♩
정이,기록이 정보가 되는 공간
다린케이,Darin. K 빵식탁
by 달빛도도,삶을 디자인 하다.
토리,toree
32,바르셀로나. 디자인공간.
리브,5 Feet 2 Inches
소소행,소소행블로그
CHLOE,로맨틱트래블러
원짱,일상블로거 원짱♥ :)
순둥작가,안녕 다정한 순.둥.작.가.
들꽃,하늘빛 그리움
은뱌,은뱌 블로그 ෆ
죵이,죵이의 나와바리
뉴트로진아,J.티모시X뉴트로진아
다즐바이,대단히 흥미로운
리하맘,리에브
멍하니,멍하니바라보기 △
beautifulhill,별처럼 반짝이다
빵굽는코끼리,mercioven
chochochocolate,fizzy water & chocolate lover
댕이,댕이 하고 싶은거 다 해
에블린,Evelyn의 추억놀이
올케,올어바웃케이스
김오늘,오늘의 페이지
MetBook,MetBook
컬러아나,컬러아나의 컬러살롱
하이영,하이영
이탄,DREAMS UPON THAMES
정아,"정아, 27page"
콩언니,콩언니의 육아일기 ♥
로Heeda,Be Happy ! Hee~*
lucy,솔아 솔아 푸르른 솔아
빡지,꿈을 낚는 빡지스토리
예예네,예예네 - 예쓰리와 예주니의 해피하우스
꽃지구,* 지구의 사랑스런 일상 블로그 *
엠뚱,언제나맑음♥
더봄,:: THEBOMCAKE +더봄케이크+ ::
고은,고은블로그
더봄,:: THEBOMCAKE +더봄케이크+ ::
hye,Kelly with you
심심,뭐. 별거없다
올리부,일상으로의 초대..
웅이맘,웅이맘의 달콤키친
콩슈니,* 콩슈니의 뷰티&홈쇼핑 *
고우니,고우니스러운
춍미니,춍민이의 하루
콩쥬언니,콩쥬언니의 작은 부엌
ANN B 앤비,ANN B 앤비
쏘어,쏘어스토리
우물이,숲속에 서면...
은둥,순간의 기록
댕청흰둥,Yoon's life
rorong,"살랑, 마음이 분다_"
어도러블혠,Hyen_365
랑군,알콩달콩 우리가족 이야기
김공주,김공주의 MOTOLOG._.
설이,"설이, BinjiDay"
덴마크 쁘띠,분홍 Island ♡
GoEunA18,EunA의 일상
삐삐,신나는 꿀쨈 가족♡
혜성맘,혜성맘의 행복냠냠
알라,알라월드
난리,The HAPPINESS In My Life
달콤라떼,"하루하루, 달라♥"
민주,(๑˃̵ᴗ˂̵)و
블루506,Aloha~♡마이알로♡
분홍이,분홍집
어진,lovelovebve님의블로그
쑹쑹,serendipity
CINDY,배우기를 사모하고 변화를 두려워 말라
로Heeda,Be Happy ! Hee~*
Joy,"Joy says ""Hello"""
하늘연달,Eat Pray Love ◡̈ ♥️
보라보라,새콤달콤일상
우챙,:: 부산반영구 눈썹그린 모나리자 ::
어스핑크,= 어스핑크의 백수그림 =
suzis,Enjoy the Moment
워니맘,워니's Diary_ Remember this moment
뚜민1004,뚜용 @_ @
럭키밋,럭키밋[meet]
유유적적,타란튤라 사육일지 (절지류 패밀리)
쏘어,쏘어스토리
최선을다혜,최선을다혜
Ssangzoo,Ssangzoo - LOWTAPE
쑬쑬이,쑬쑬이의 사과나무
가현,My Lifelog
초코혜,초코혜 365일 매일이 여행 ♪
롼나롼나,롼나롼나의 블로그
지영,0 -flow
오베르,Auvers. Flower&Craft
소뉴Sonuu,소뉴(Sonuu)의 블로그
손먕,손먕의 일상 블로그
마렌즈,소곤소곤 여행앓이
Alice,안녕♬
트윙클티나,트윙클티나
dalp,Things We Met
민주,(๑˃̵ᴗ˂̵)و
행복을그리다,윤윤맘의 블로그♡
하니맘,♡ 하니맘의 러브하우스 ♡
사진찍는 마케터,"나와 떠나는 여행, 당신과 나누는 취향"
선우,sunburntday_
카리마,HEY~ KARIMA!!
보니또 민짱,민짱 & 윤짱 StoRy.
32,현명하고 따뜻하게.
빠람,빠람 끼 딘짜르야
최고봉,네가 달리면 하늘이 열리고 땅이 울리지 Happy 포에버
창과방패,실행과 결실
제이미,제이미라운지_Blog♥
자니,FROM. JANI
디케이,디케이
Baesuu,일상적 기록하기
뻔녀,다이어터뻔녀/토리육아일상 Blog
써니,써니의 뷰티로그
구월,구월의 기록
다빈 DABIN,May it permeate your daily life.
루나,루나의 다락방
취미부자 희쥬,"취미부자, 희쥬"
오늘도 설레임,오늘도 설레임~~
웃음의 여왕,언제나 맑음 ♪
미니,record myself
김초코,오늘도 열심히 달리는 초코언니♥
빠오,Bao's Travel Story
아델리,GNOTHI SEAUTON
내꺼야투투,"두아이 엄마, 행복한이야기"
지영,limjiyeong
주낭,life
꺅,꺅!
냥이곰이,君と僕の一歩
풀문,Welcome to fullmoon world
사부작셩,사 계 : cake studio
웃음의 여왕,언제나 맑음 ♪
콩이맘,nasign2001님의 블로그
또미,또미로그
격이다른장미,Simply Yours
딸기맘,뭘 해도 이쁜 그녀~~~
Untitled,일상을 기록하다
로사봉봉,로사봉봉이야기
콩새,♥♥♥콩새 언제나 한결같은 쉼터
stylist 수영,STYLING_수영
히히,The daily life of grace
쑬쑬이,쑬쑬이의 사과나무
햄뚜,뚜뚜의 하루
용용이,용용이의 블로그
쑬쑬이,쑬쑬이의 사과나무
혦밍,"기록,"
에그란,계란의 삶 : egg’s life
효꾸꽃,효꾸꽃_작업실
쏭,ssong
zoom_in_,ZOOM-IN
글쓰는나무,글쓰는나무의 생생 일본어
티티카카,"라이크,티티카카"
예지,까만콩
웅쭈라뷰,웅쭈라뷰의 소소한일상
캐리정,행복한 날로 이끄는.캐리정 블로그
신나는맘,신나는 마음으로 신나는 엄마로 살고픈 엄마의 BLOG
SSOL,"솔, 일상 기록장"
스케치,S K E T C H !
주바리,J. blog
SSOL,"솔, 일상 기록장"
승글이,living in the moment
보니,일상기록
스케치북,스catch Book
옌,YEN
쑹쑹,serendipity
쑤,쑤앤우드-인테리어 소품
JUDY H,Dream factory
여운,Near AnD Dear
경쁘니,경쁘니 Blog ♡
헬로 밀자씨,밀자씨는 패션신데렐라
BlingBooBoo,블링부부
0202,행복한 공간
8시19분,블ㄹㄹㄹㄹ로그
화통이,낮은 곳에서 꿈꾸는 변화
콩이바라기,"쑥이의 ,육아일기♡"
Ashley,♥애슐리의 즐거운 여행
채움,부산반영구학원:채움
뚫어뻥,뚫어뻥's Singapore LIfe
듀루미,FLAT DAY
빠키,빠키블로그
진유,"日常,日记"
로Heeda,Be Happy ! Hee~*
쇼코,더 이상 사랑이 아닌 너에게
규빙빙,감성보관함
수지아짐,Mrs.Moon House
까미원 청이,까미원흑염소농장
에그타타,101번째 타르트
시미,시미의 이야기
유선이야,UDAY
리뷰하는여자,리뷰하는여자
백잎클로버,백잎클로버의 1+2 이야기
쥰쥰,slowly bloom
최대표,최대표 뷰티&패션
시연,live forever
미스터 엄,미스터엄의 소소한 소통블로그 No.2
Lovely J,Lovely J.'s Serendipity
공실,Rose rose
살롱 드 에이린,살롱 드 에이린 salon de aileen
정아,"정아, 27page"
런던트리,Londontree daily life
몽몽이,몽몽이의 about jeju
May,맛집 다이어리
솔직한 토리,토리의 솔직한 이야기
김열매,열매마켓
일각수,지니스
다즐바이,대단히 흥미로운
zlucmv,안녕
이졔,이졔의 설레는 주부놀이 -*
보루빵,"보루빵네,먹고놀고사는 이야기♪"
daisy,내 블로그는 맛있다!
봉자,봉자의 감성패브릭
호랭느님,언제나 안녕
고구마,행복한 고구마
마리안젤라,마리안젤라의 소소 일상
챈,나의 공간.
제로성,제로성 life&trip
Lim,다중이자매의 일탈♬
잠실동주민,내 취미생활
세인트,"saint의 결코 평범하지 않은 여행, 그리고 일상"
니키타,니키타패션
May,맛집 다이어리
찌용이,찌용이blog :-)
CINDY,배우기를 사모하고 변화를 두려워 말라
BlingBooBoo,블링부부
수원댁알망,수원댁알망
야디니,야디니 일상 블로그
은뉴,studio eunnew
안김,안김
게르만킴,Vielen Dank
콩슈니,* 콩슈니의 뷰티&홈쇼핑 *
로뎀,Rodem
쩡이비타민,VITAMIN
차밍지,차밍지
율쿤,Y U L K U N : )
sugi,살며 사랑하며 배우며..
목스트릿,목스트릿 BJJ LIFE
애콤,애콤의 블로그
미료,연약해서 씁니다; y&miryo
사계,잔잔하게
별히,별히의 별의별 일상기록
고구마,행복한 고구마
비바스마일,스마일스타일™사람이예쁜사진
아거,Or Again
하몽나라의지니,"지니의 스페인, 그리고..."
초장,선물같은 하루
Ashley,♥애슐리의 즐거운 여행
윤쓸,SEULKI_BELLEME
나투,#nwinnz
두imom,。 만두랑 교자랑 씬나게 노올자♡
시크한병아리쮸,시크한병아리쮸의 쮸블리한일상❤
미네씨,"여행하고 싶은 엄마, 함께 여행 하는 아이"
단비의청춘,힘내요 내 청춘!
크리네,대전떡집 예쁘고 맛있는 새봄떡방
뷰스타 베니,BENYLOG
주,대충살기
지니쌤,교단으로 가는 길
bow,bow
쿨쿨,안녕?! :D
KyungDo,"나는, 오늘도 여행 중"
JINY,JINY's Sew Sunny Homestyle
쀼라니,:-) 나의 일상
집수니 라이프,백수 일상 기록
챙s Duck,Duck's Trip
둥둥드라이브,ISU MOM
성찰리,성찰하는 성찰리찰리⋆ ༘
스타일맘,메이킹스타일
소봉이,소봉이♡
해피요짱,요씨네 일상
혀니,HYUNLOG
푸딩,☺︎
호이호이,살롱데플러 (Salon des fleurs)
장제스,acupcsy님의 블로그입니다.
유니,unee_verse
뉴트로진아,J.티모시X뉴트로진아
윌비,따끈따끈한 새댁의 소소한 일기장
옥상상추,옥상상추 달콤한 아이스크림
콩이맘,nasign2001님의 블로그
황뽀,뚜벅
행복맘,행복이네
리꼬,리얼꼬꼬마의 행복이 있는 하루❣️
파또이오 fattoio,피렌체에서 온 예술가
스타일맘,메이킹스타일
꾸옥이네,꾸옥이네 행복한 일상
윤알,"""내가 할 수 있는 모든 것!"""
슬동동,슬동동 행복박스
LILY,몽몽
소히,순간을 소중히 ෆ
김다정,☆ 소소한 일기장 ☆
비비안,☆vivienne house☆
돌핀,빈칸
마이허니,마이허니의 마케팅 이야기
동코링,동코링 월드
SSOL,"솔, 일상 기록장"
러비제이,키즈패션블로거 LOVYJAY
릴리,감성새댁 릴리
쮸잉쓰,쮸잉쓰 스토리
은비,은비의 블로썸 뷰티✨
knrblue,돼지씨의 소소한 즐거움♡
엘레나 박은하,여행작가 박은하
우뇽,우뇽 블로그: TOKYO STORY
ddaydreamer,각본 없는 드라마 :: K의 소소한 일상
쑬쑬이,쑬쑬이의 사과나무
와송약초농장,와송약초농장
Amy,Amy's blog
오백n조쟁,【 두여자의 놀이터 】
쑬쑬이,쑬쑬이의 사과나무
리쿠,All about 리쿠
럭키이니,Me Before You by.hh-
점꽁마미,시월의 하늘처럼
효니와 이도,찐자매의 일상기록
Tobacco,Seoul
달농,달리는농부
아워나이츠,Our Nights
권매력,권매력의 charming-DAY
BlingBooBoo,블링부부
젬마알루스,Gemma Alus
by ming,태리맘의 하루
도란도란,shcolaaa
제인,제인로그
BlackD,1989JUN6
민아 수아 윤아 최고,세공주 키우는 여왕맘♥
달리아,핑크와 그레이 사이
grin,봄날의고양이
MS쉔,MS쉔의 블로그
단비,DANBILOG
쏘쏘한토모,쏘쏘한토모삼냥이네#미토드
김길동,"일상 ,여행이야기"
빈츠,chu -Hi
날마다블루밍,날마다 Blooming
쀼우96,햄볶하개
Charming J,Charming J 놀이터♥
쇼니맘,새콤달콤 쇼니네
보네르,오늘도 보네르
앵챈미,앵챈의 일상
금붕어,Un jour
웃음의 여왕,언제나 맑음 ♪
yeon,eat play love
leeyeonso,yeonso
발랄모드,Simple Life를 꿈꾸며
카라쥬,카라쥬_happy lifestyler
우뇽,우뇽 블로그: TOKYO STORY
도쿄에서,"도쿄에서, 손으로 만나는 세상"
KM,즐거운 일상
뚜밍,뚜밍이 하루_*
슬립,슬립씨의 다락방
두부소율맘,두부랑김치랑여시랑♡
새키밍,"새키밍, Replay"
데이지,大野智 ♡ 最特別的存在
2 sisters,♡Lovely Baby Star☆
아임신디,신디일기장
로이최,roychoi11님의블로그
민콩,ʕ•̫͡•♡
휘게,휘게플레르 - 소소한 일상
체리푸딩,planB
블리블리,내순간들 ♥:)
clover,백만송이클로버
작은 숲,LITTLE FOREST
자애,"자애, 행복하기에도 모자란 날들"
YURIKO,Everything or nothing
라기,라기가 들려주는 소소한 이야기
wonnie,wonnie
연두콩,Bea님의블로그
윈클레아,윈클레아의 리뷰팩토리
호미,내 일상요
소백,현재진행형♡
Mins,Love Art..Love Trip
제주봄날,봄날
최대표,최대표 뷰티&패션
비니,달빛밟기
뚭니,daily binlife:)
선유,눈부셔 봄날♪
KM,즐거운 일상
핑크바니,Beautiful my life -♥
ROMANTICO쮸,"로맨티코, 당신이 로맨틱해지는 순간"
수롱이,고베고베
곽채민,베짱이는 즐겁기라도 하지
또니,또니의 제멋대로 블로그
Dada,Dada의 하루하루
윈클레아,윈클레아의 리뷰팩토리
새댁쩡이,"0513, 새댁쩡이 ❤︎"
사과향,키친콤마 by 사과향
주녁,Seize the day
완소녀뿌,완소녀뿌의 행복한 일상
모크샤요가원,moksha_yoga_institute
세용미,Yoly moly holy
알새우칩,예나 일기장
맨디,맨디 다이어리
HEE,"사진, 기록 그리고 의미"
matilda,트레져드레옹 플라워
지웡,V-log
레이디스,레이디스 쿠킹 월드
제이,J's HOME♡
플랑이,플랑이의 대학생활
아워나이츠,Our Nights
코코엄마,한지붕 네식구
블루밍엘,blooming_L
지아,JIA;특별한공간
KM,즐거운 일상
저녜림,저녜림 마음대로
seekchic,시크치크 패션&뷰티블로그
seoyeon,˚ෆ*₊
SSOL,"솔, 일상 기록장"
슬키,"FROM HERE, 슬키"
정정씨,친절한 정정씨
은똘어멍,슬스리의 안드로메다
소진,Dear.sojin
Ungdung E,엉찬호의 수다방
김딴,"단비, 마음에 더할 수 없이 큰 기쁨을 주는"
예담업고하이킥,예자매의난리부르스
문자매,MOONJAMAE
박묘니,귀여운 쇼니와 엄마 묘니의 행복한 하루하루:D
땅콩,또르르 굴러가는 땅콩집
윤듀,듀근듀근듀로그
작은농부,작은농부네 방문해주셔서 감사합니다^^
쑴,ssum
비나투어,"상상 이상의 즐거움, 비나투어"
효꾸꽃,효꾸꽃_작업실
은블리,은블리의 시트콤인생~♬
layday,"LAYDAY, 레이데이"
bkfluenza0721,하루 보경
그노,향기로운 삶을 위하여
연이,청춘 중개사♪
끼리끼리,Jeong.onely 끼리끼리 블로그
슈쌤,안녕하세요 슈에뜨 블룸입니다.
시니어파파,시니어파파의 노인이 행복한 세상
호미,내 일상요
혀나쓰,혀나쓰의 일상
TMANIM,캘리포니아 시골낭만생활
숲과나눔,숲과나눔
동글,그냥 살고 있습니다
우봄날,일상 이야기 :)
정민맘,"새로운 세상,,자유로운 영혼"
gokurdt,Life Player
꾸꾸 카페구공,"카페구공 cafe,90(꾸꾸)"
꿀단지,하늘을 나는 꿀단지
미니밍,: 2020 기록하기
Sophia mom,My love letter to you...
톡실장,스튜디오톡
jeenayoon,골프전도사
워니맘,워니's Diary_ Remember this moment
하얀미소유정,하얀미소의 행복한인테리어일상
초코혜,초코혜 365일 매일이 여행 ♪
온정,calming
ozz,비밀창고
피리아,피리아의 이야기가 있는 여행
여유,♡여유롭게 여유♡
MARS,MARS의 요상한나라
나나,지구방랑 일상이야기
제이,J's HOME♡
Bella,Bella's life
J,"1,2,3, I feel so free"
루사,루사의 따스한 날들
다은,Marry craft. Ssong
애덩,AEDUNG'S DAILY BLOG
은블리,은블리의 시트콤인생~♬
마이지니,함께 하는 예쁜 일상
리아,리아네 뷰티+먹방+여행+육아
bell,Bell Lab
레이지데이지,Journey Holic_Daisy's blog
Jen,sweet idleness
알사탕,알사탕 블로그:::셀프인테리어
비비레이,비비 & 레이 & 쭌...
에그타타,101번째 타르트
꼼지락이주부,"꼼지락이주부의""나답게 사는 집"""
두리베리,부산베이킹클래스 - 두리베리
Salty Apple,세상은 넓고~ 먹어볼것들이 너무 많다^^
임찌,임찌일상
Chelsea,Chelsea's sweet home ♡
그린슈가,★그린슈가의 일상속 행복찾기★
La Ciliegia,"아직도 너를 사랑하고 있어,"
연니크,독특한 패션학도 연니크
쟈니맘 일레인,쟈니맘 일레인의 데일리로그♥
로Heeda,Be Happy ! Hee~*
뷰스타 엘린,엘린의 현실적인 뷰티라이프
째보,최보의 나라
따락,인천캔들공방 [따락]
youn,younzzang’s BLOG
해그그,두근두근 블로그 *_*
별밤,스테리나잇 : 별이 빛나는 밤에
윤구,☾
단박이,단박이의 소소한 브을러ㄱ
주절주저리,ฅ( ̳͒ᵕ ˑ̫ ᵕ ̳͒)ฅ
다즐바이,대단히 흥미로운
쭈연맘,사랑하기 좋은날-♪
mangoyul,끌레르블랑
로씨스타,ROSISTER
지구,그래도 지구는 돈다
bbovely,이보현 일기장 ෆ
부산고등어빵장수,부산고등어빵
쭈니유니맘,쭈니유니상점♥
화영,: 내가 좋아하는
홍길동,"재 니 , H O M E ."
이볼매,이볼매
이응,이응공간♩
라라,앙금이네
리버풀녀,김새댁의 일기장
김깨,깨-로그
빵굽는타자기,빵굽는타자기의 유쾌한 인생살이
BakJi,BakJi_B-log
W 쥔장,Wselectshop
아마리따,아마리따의 놀이터
다블리,12월의무화과
Lovelysun,방랑일기
김뜡,뜡's Blog
Little one,KEEP CALM AND BE FOREVER YOUNG!
미쯔루,미쯔루의 맛있는 이야기
쿠키새댁,쿠키새댁의 살림&여행이야기
드타미,"Detamy,"
딩부부,딩부부 스윗홈 :)
메이킷퍼블릭,메이킷퍼블릭
퐝,마음대로
달콤쌉쌀한유혹,Sweetbitter temptational life
횸,Paradise is where I am
하늘연달,Eat Pray Love ◡̈ ♥️
카페라떼,지 난 시 간 의 기 억
바람아이,천사와함께하는시간
블루506,Aloha~♡마이알로♡
봉쥬르봉봉,봉쥬르봉봉
초리,초리
k,-
박도도,도지런한 하루
floral y,플로랄와이
권꽁,그녀의 Daily & Review
오늘은 J,J 이야기
열혈대디,육아에서 여행으로 열혈대디 블로그 시즌2
Lyon 리온,✨일본 생활 블로그✨
현2,얼렁뚱땅
윤아,윤아네 잡화점의 기적
예붕이,예붕이 이야기★
Ggozi,꽂이 라이프
니즈,What do you want?
아민,아민’s 블로그
조니랑여느,작은에세이
재은씨,재은씨 블로그.
오월의 서연맘,2018년 5월. 내 세상은 너로 가득해.
혀니오,아이폰으로 담은 일상 :)
가니,가니블로그
헌즈,Hunz's World
빵꾸엄마,빵태써니빵꾸봄꽃♥사랑해
연년생맘,소중히 간직할께♡
별이네,어제+오늘=추억
무념무상시츄,까칠한 깨방정 블로그
제이미,제이미라운지_Blog♥
마마진,HELLOW MY WORLD
은성,24/1
피아제라,피아제라 piagera
션니,션니블로그♥
워니맘,워니's Diary_ Remember this moment
비니,오픈 트래블 다이어리
쑬쑬이,쑬쑬이의 사과나무
비다니,La vie est ANI!
뉴트로진아,J.티모시X뉴트로진아
감성쓰는복숭아,내가 사랑한 순간들
룰리,♡룰리네 식탁♡
허프로,빠Rl지엔느가 되고싶은 허프로
시나정,우주공간
아리언니,reminiscence of day to day
실버빈,Silver Day by Silver
뮬,"청춘, 그 길에 서서"
앨리스,꽃을 건넨 손에는 향기가 남는다.
모태베어스,승리가 몸에 베어스
다둥이맘 여누,여우야 연우야 모하니?
bell,Bell Lab
SOHO,소호하우스★
꽃미,brunch on the grass by 꽃미
친절한지야씨,친절한지야씨 새로운 시작
RIMBO,RIMBO'S BLOG
노량진미식가Dan,노량진 맛집
foodstylist sun,* Foodstudio 다믈스튜디오
숨,나이숨투미츄
나나,CLAIREMOOD (나나블로그)
핸즈,핸즈의취향::::
으뉴니,으뉴니 일상
꿀진,"꿀진놀이터, 오늘도 놀아줘"
주공,꽃길만 걸으려구요
THECLAIR,더클래르♡
오너쉐프코리아,owner chef korea
에리싸만코,싸만코의 일상이야기 :-D
메리,:: Merry Daegu ::
핑크빛포만감,_
졍,졍이의 하루
la plie,la plie
영심이,hello
스르르,Searching for meaning
블리블리,내순간들 ♥:)
지원 Amy Kim,Have an eye for beauty
내꺼야투투,"두아이 엄마, 행복한이야기"
꼬미볼,Cheek
꽁단,:)
리벤,리벤의 기록공간
디혜디혜,♡아리니와 함께하는 매일♡
도나,혼자라는 생각은 혼자만의 생각
이평화,평화로움
laundry,laundry room
유나,Welcome to Yuna
사포녀,포녀 블로그
하얀,H a p p i n e s s ♥
Chloe,뉴질랜드 웰링턴- 미엘이네 집
미앤,297&美
Heaven,"[천국의 책방] 읽고 쓰고, 사랑하며 사는 오늘"
제주언니 깐따삐아,동글락제주 자연먹거리
퀘스트빈,퀘스트빈
리은이,데일리룩&일상 블로그♡
미호,디비티에 by 미호
블루밍엘,blooming_L
문횽,문횽 블로그 :D
jamnali,각자의 生
채영이맘,채영이맘의 달콤스토리
jayden0723,허군의 제주라이프
달콤채앤완맘,달콤채앤완맘
매직스프,_magicsoup
충이,충쓰충쓰 꿍따리
안오준,안오준의 카라이프
강현맘,Hyun's
논땅,ZzoDaNE.zip
하늘산책,하늘산책의 일상산책
러블리맘,"행복한 육아,일상,요리,리뷰"
분홍공주,끊임없이 이어지는 손길
Yoojin,yoojin님의 초보 블로그
호주꼬꼬댁,호주꼬꼬댁
zeungwone,씅
싱블리,싱블리의 작은세상
문달,문달이의 달로그
ksw_a,메롱메롱
eundi,은공책
쑬쑬이,쑬쑬이의 사과나무
silver week,silver week blogღ
더봄,:: THEBOMCAKE +더봄케이크+ ::
발비나,발비나 daily life
림림,지구별 여행자 림림의 이야기
한매료기,상큼발랄 한매료기의 다이어리♥
애월더선셋,❤애월더선셋❤
알라,알라월드
Daisy,♥예쁘고 당당하게♥
떼루맘,떼루의 언스쿨링♥
리자몽,소소한 일상
꽁꽁이,Happily Ever After
스타일맘,메이킹스타일
롼나롼나,롼나롼나의 블로그
스타일이나,스타일이나
설연,설연공방 루브스튜디오
정규,정규 블로그
에그타타,101번째 타르트
정민맘,"새로운 세상,,자유로운 영혼"
Chandellederusa,아뜰리에 샹델드루사
햄뚜,뚜뚜의 하루
멍멍야옹,일상생활이야기
효니와 이도,찐자매의 일상기록
정규,정규 블로그
반하다미고,반하다미고
바람날개,바람날개
꿈쌤 백수연,백수연의 꿈이 빛나는 날에
florist 이슬비,Delight garden 딜라잇가든
바보감자,이~~~스마트한 승하씨
쭈니유니맘,쭈니유니상점♥
신이,brillante
분홍이,분홍집
올리부,일상으로의 초대..
혜윰,한발한발
Amy Young,Amy Young
나무,커피쟁이 Sunny
Maigarden,"너와 나,우리의 이야기"
율,HAPPY EUL
애콤,애콤의 블로그
쑬쑬이,쑬쑬이의 사과나무
율뮤,율뮤의 꽁냥꽁냥 감성아지트 ♩
어른아이,행복 회복기
ceramistlee,House of Ceramist
cherry,스윗체리_cherry on the cake
민아 수아 윤아 최고,세공주 키우는 여왕맘♥
류재무,너구리 가족의 땅굴 밖 여행
민이꺼양,새댁의 신혼밥상
신다르크,공간왕 정리언니
로마언니,로마언니♪ 여기는 이탈리아 입니다 ♬
삽교꽃총각,열정아이티
유잔이,유잔이의 daily
시크한병아리쮸,시크한병아리쮸의 쮸블리한일상❤
뽀노양,뽀노양의 쪽빛감성 저장소
anouk,Eat Travel Love
산타맘,산타부부의 일기장
봉이,s e c o n d r o o m
스윗 캐롤라인,스윗 캐롤라인
딸기맘,뭘 해도 이쁜 그녀~~~
Joanlee,소래비로에 오래된새댁
소진,F×S×D×M.\/l○g
핸썸퍼니,잘생긴가구점
숭숭이,일상 속 순간순간들
공주,29
연이,yeon's blog
장공,Goodcos
혀나쓰,혀나쓰의 일상
혀나쓰,혀나쓰의 일상
별춍춍,Star's Echo 별의 소리
하늘연달,Eat Pray Love ◡̈ ♥️
danceintherain,danceintherain님의 블로그
코이,on cloud nine. ☺︎
혜진,♡
김정화 Kamil,和. 작가 김정화
늘보,늘보의 느린 이야기
클래시카,Classica
엘리,"엘리만의 엘리다운 , 엘리라이프"
연 수,"My Favorite,"
주벳,주벳 수원출장메이크업 빅사이즈코디
에그타타,101번째 타르트
이집트왕,이집트왕이 사는 이야기
Ochuu,JJoolog
제제,제제의 달콤한 속삭임
선비Kim,이것저것 쓰는 선비Kim
barishocola KIM,BARISHOCOLA(바리쇼콜라)
영,Hayoung._.
positive파니,Tifferent 블로그 ♥ Tiff + Different
슈슈,슈슈의 리뷰노트♥
파란별윤정님,파란별윤정님
Annie짱,C'est la vie
단비의청춘,힘내요 내 청춘!
쏭,ssong
도씨,도씨의 스윗시티♩
린즈,린즈닷컴 _ 별거 있는 블로그
마법의 정원,마법의 팔레트
밴쿠버새댁솜,밴쿠버새댁솜
수달이,깔깔깔호들수달
모과,지금 이 순간 흠뻑 살기
원두팔이소녀,원두팔이소녀
쥬디,Judy's home ♡
LovelySocialT,내 인생의 Season2
시크한병아리쮸,시크한병아리쮸의 쮸블리한일상❤
나연두,오늘은 살짝
ttotto,ttotto house
상상씨,Joyful Imagination! Happy Design!
런던커피,한 손엔 런던커피
제이,J's HOME♡
달리아,핑크와 그레이 사이
유진,Uzins
워킹맘 꽃숑,인생은 효리처럼 :)
무의,Muui Life
Bella,Adorable Bella's blog
심지,심지
이시엔 Xi ann,시엔의 일상 즐기기
시온,･ᴥ･
시니콜,"지금, 여기"
혀니,혀니별
Team Herat,석탄나라에 사는 퍼그들:D
JOOOHA,언제나 봄
유유안,유유안의 블로그♡
달봉희,일상수집가 달봉희의 일기장
까모밍,/까모밍/ 블루제니_다율이네옷장 : )
malta crew,m a l t a b l e
Jinny,지니의 다락방
블루리본,블루리본의 다이어리
나는 나일 뿐이다,나의 일기장
메이클로버,MAYCLOVER
Min,FLYMIN
Chandellederusa,아뜰리에 샹델드루사
쑤키,엄마쑤키:육아데일리
지선세상,JISEON_WORLD
여행가,26살 12개국
두imom,。 만두랑 교자랑 씬나게 노올자♡
하늘연달,Eat Pray Love ◡̈ ♥️
tina,Butterfly Dream
핑키누나야,★꿀밤이와 블링블링★
느린달팽이,지루하도록 느긋하고 게으르고 평범하게
평택일기,"평택댁, 하루 기록하기"
지니,지니 다이어리
한국깜짝맘,한국깜짝놀란 사랑스러워
고재,즐겁게 살아봅시다
재리밍,Don't Forget Today
아워나이츠,Our Nights
박곰,Gom's diary
요르디,요르디작업실
밥하마,밥하마 블로그
레몬라임,레몬라임의 Happy Life~ ♥
작은빛,사랑하는 영혼만이 아름답다.
해인,해인님의 블로그
크로와상,ORANGE ROAD
앨리스앤,꼼지락다락방 앨리스앤:-)
유지니,유지니 좋아해
이응,이응공간♩
BELOVED,BELOVED❣️
Deibe,Deibe
adore,ADORE _LEATHER
꽃잉오,꽃잉오 블로그
제이제이,제이제이하우스(JJ HOUSE)
선우쓰,선우 블로그
쑬쑬이,쑬쑬이의 사과나무
SUM,+ Happily Ever After +
쑬쑬이,쑬쑬이의 사과나무
영경,ᴋʏᴇᴏɴɢ’s ᴅɪᴀʀʏෆ
꽃지구,* 지구의 사랑스런 일상 블로그 *
지 은,지은이가 지은 집
수달이,깔깔깔호들수달
dovvi,"Feb, 18th"
꼬영,꼬영의 쏘쏘 다이어리
레고,레고의 자판기커피 :-)
여기저기 여니져니,Anywhere - with yeon
뷰스타 제이와이,제이와이 뷰티메뉴얼
UR,UR:)서영이의 고퀄 블로그♡
미리룸 마켓,miri room
봄날의곰,반짝반짝빛나는
금빛제작소산타이벤트,sweetmata's showroom
돌판나,돌판나 in NewYork
엠즤,MJ's THE REAL LIFE ♠
June,MY SCRAPBOOK
롬롬이,롬롬로그
샴공,샴공 Champagne Princess
Blingwon,Have a Wonday
아롱,보통의몸매 아롱 순간로그 :D
로Heeda,Be Happy ! Hee~*
도리,도리를 찾아서
컴프렌치,"Come,French 컴프렌치"
언제나 맑음,언제나 맑음
호주꼬꼬댁,호주꼬꼬댁
현서,현님의 블로그
유키에,♥한일부부♥
뷰스타 수연,이것저것 뷰티 이야기
제마,♡ZEMA♡
라라앤,라라앤라이언
메리,"안녕, 나의 soulmate"
Bonnie,Bonnie님의 블로그
배주부,배주부의 달달한 신혼이야기 ♡
달콤홀릭,달콤홀릭의 달달한 이야기
ellen,ellen's home :)
행복한 둡,연두부의 시간
다미,다미네 결혼생활
bbalong,BY boyoung
IamSunny,IamSunny▲
스퀘어룰,SQUARERULE_FURNITURE
릴 리,"레 터 프 롬 릴 리, Letter From Leely ♩"
옹히구,dhd_glrn
막쑥,막쑥님 못생겼어요!! ㅋㅋㅋㅋㅋ
zzl니,zzl니의 소소일
주박,주박이뉴스
토토,토토의 작은 구름정원♬
행복,HAENG BOK
진하,jinti
정민맘,"새로운 세상,,자유로운 영혼"
굥2,즐거운 나의 하루
런던커피,한 손엔 런던커피
이슌,SHOON.Lee
이응,이응공간♩
밤비,Bambi
보예뉴리,보예뉴리 ° 다~ 예뻐지는 공간
제주봄날,봄날
그루네 부부,생활속 원목가구+메이크루루맘=더 그루.
세세,세세의 신혼일기
갱,ᴊᴏᴏᴋ_ʏᴏᴜɴɢ's ᴅɪᴀʀʏ
뚫어뻥,뚫어뻥's Singapore LIfe
최기자,최기자의 트래블 & 스타일
리사,순간을 소중히
이내야,쉼표♡
쥬주,con espressivo♪
은별맘,은별이네♡은별자동차:)
mingha,언어의 기록
Shoorizuby,슈리주비 블로그
달콤한Sun,"욕심 많은 달콤한Sun,"
남지,남지와 이난의 소니월드 : )
hwiba123,유니영
예쁜솜씨 예솜,예솜이야기
세울,세울로그
셀라쌤,셀 라 영 어 & 입 시 컨 설 팅
티티카카,"라이크,티티카카"
merin,Ça va ça vient
은유,"그냥, 바느질 작업실 - hands mine"
얌얌,오늘도 얌스러운 얌로그:)
윤쓸,SEULKI_BELLEME
홍시,:U
민짱,민짱의 일상 기록소
유,백수의 잡
Chloe LEE,클로이 다이어리 :)
SSOL,"솔, 일상 기록장"
경,Welcome to island
규빙빙,감성보관함
은또니,또니또니은또니
Becky lin,귀하고 빛나고 사랑하다 :)
예붕이,예붕이 이야기★
신나,Mr. & Mrs Schaefer
맵시,맵시 매거진
환경부와 친해지구,환경부 공식 블로그
블루밍릴리,Blooming Lilly ♥
앵앵이,HAPPY HORMON by aengaeng
쏠블리,러블리쏠의 이야기♥
Sandy,호치민 유학생 ‘샌디’의 블로그
솔지,♡My world is full of you °.•♡
Love Echo 러브에코,Love Echo - 러브에코
글쓰는 여자,엄마랑♥딸이랑 Sukyoung♥Ayoung
Selenophile,ᴰᴱ-ᴬᴱˢᴱᴼᴴˢᵀᵀᴬ
토랑캣,빵 굽는 토랑캣~~~♡
윰로그,윰로그
져니,My diary ఇ
그레이스,simple life- (심플라이프- 홈스타일링/홈드레싱)
베네핏로즈,Benefit Rose
귐참새,귐과 진군의 이야기 :D ♥
제니,제니제니
bell,Bell Lab
가어니,No ZAEM No LIFE
하치언니,♡(ღˇ◡ˇ*)하치언니 알찬 일상 (ღˇ◡ˇ*)♡
피오니,* memories *
유니스킴,sentimental reason
미니쉘,미니쉘's
유키에,♥한일부부♥
MIZA,미자로운삶
쇼코,쇼코리즘 :)
Rachel,Kiss of Last Paradise
하우매니,하우매니의 심플레시피
곰솔이,곰솔이의 영화연애
블링여사,블링여사의 소소한 하루 ♡
나래씨,나래씨 블로그.
반젤,행복한 생각-ing♡
뭐혜영,Forme
물고기자리,나는야 물고기자리 by 사막여우
Ryn j,Ryn j
내꺼야투투,"두아이 엄마, 행복한이야기"
달이마밍,시원솔직 육아블로거
메이블링,"메이블링의 삶, 그리고 사랑"
소니,97년 07월 22일
소근소근,with all my heart ❤
class 308,"양말목공예.코바늘.소잉/원데이수업. 주문제작,판매"
사랑ing,달지않은과자♡
쑬쑬이,쑬쑬이의 사과나무
슬기블리,의식의 흐름
쑬쑬이,쑬쑬이의 사과나무
멍미남미핀,멍미의 멍미한 일상
여니,YEONI‘s Daliy Life
러 블 리 베 카,여 행 감 성
은짱,최고와 최선의 미학...
다콩이,걷는 듯 천천히
소소루미,소소루미 여행하기 :)
레고,레고의 자판기커피 :-)
코코웅,cocow ♪
폽피,폽피의 Beautiful Life ★
MIWOO,미우의 strawberry days
우아미,* 우아미의 인생은 아름다워
Suuujunnng,Yang su ba ri diary ƪ(•̃͡•̃͡ ƪ ~
작은농부,작은농부네 방문해주셔서 감사합니다^^
옥언니,"안녕,옥언니야"
Seira,Carpe diem
벼리,세상사는 사람들의 사랑_Silver Star
아임뮤,Mu :-D
도씨,도씨의 스윗시티♩
봉쥬르라리,b o n j o u r _ R A R Y ♥
혀니,혀니별
지니케이,J & N enjoy Australia!
하리부,Haribu Table
미진,merci
뮤이린,느낌 가는 대로 -
이코씨,행복이가득한정원
노마드,바람이 바람이다.
곰,S.Story
뉴트로진아,J.티모시X뉴트로진아
아이엠쎄,Sse의 가내수공업 :)
언니네다락방,언니네다락방-청주위빙 청주토탈공예
이드,Take a bite of My Heart Tonight.
밍고망고,밍고망고의 망고하우스
맨디,맨디 다이어리
mill밀,이미라 블로그
아델라,Youpi ❤
H씨,H씨 생활일기
별,행복한 일상 신나는 여행
허프로,빠Rl지엔느가 되고싶은 허프로
오춘기 김작가,오춘기 김작가의 블로그입니다.
스텔라,L i v e l y s t e l l a
ssunoly,달콤한 우리 ♩
러비,러블리데이즈
헤이데이,마이헤이데이 :)
하혜 뷰스타,하혜`s 뷰티 패션 여행 ♪
사브리나,"책읽는 엄마, 매력적인 아내"
찐똥,찐똥's Blog
라임봉봉,윤나다/윤나다맘
쇼코,쇼코리즘 :)
우리의 찰나,502호부부
청새,숲속의 청새
레즐리,레즐리의 톡톡한 이야기
참신맨,비글비글 연년생 윤남매네❤️
인숑,달콤가족♥
당당이,생활기록부
내사랑용용이,달콤매콤쫄깃한 하루
메종 드 하쏘,Maison de Haso
일하는율리맘,"말괄량이 워킹맘의 남매육아, 큰그림 육아"
브롱부부,브롱부부의 잘먹고 잘살기
변실짱님,변신옥 실장의 즐거운 결혼준비
쏭,ssong
블러썸제이,blossom everyday !!!
스텔라,"러브유어룩, 스텔라"
쏘어,쏘어스토리
오키데이,오키데이는 육아여행중
SSOL,"솔, 일상 기록장"
팔분음표,Grace_with me
씽긋,씽긋이의 MAYBY HAPPY :)
수원댁알망,수원댁알망
about chuu,About_chuu
오르리,Deep in my bones I can feel you
JahoraM,지금! 좋아해!
인쨩,잉서니의 자카르타 일기
비그리마켓중,비그리:::Bigree Shop
하이진,Z
HYE,나의 소우주
눈빛,20's MEMORY PACKAGE
Aileen Jin KOREA,Everyday counts:>
래빗이,로맨틱래빗 직구 패션
쑬쑬이,쑬쑬이의 사과나무
앵이,앵이의 배불로그 ♡
땡여사,땡여사
민콩,ʕ•̫͡•♡
슬이맘파파,Lovely Smile Mommy
예리미,Lovely CoCo ♡
신밤비,밤비의 지금 여기 :)
서니,서니의 소곤소곤_
리현,리현로그 & 더스커피; Thus Coffee
뷰스타 해브올,갖고싶은게 많은 해브올
정민맘,"새로운 세상,,자유로운 영혼"
쏭,ssong
케이린,❥여기는 예뻐지는 리뷰맛집
쪼꼬미,쪼꼼한 하루
귀요미니몽,Welcome to MINIWORLD♡
하젤리,하젤리의 하루하루
캔디,소소한 일상
dasom,#journal #vagabond #sentiment
비비루,Tick Tock! BiBiRoo
썸머,[썸머스타일] 썸머의 예뻐지는 이야기
뚱이랑,뚱이네
봄 날,한걸음의 가치.. 봄날은 온다.
로지,"Love, Life"
마띠아스캔들,Matias[마띠아스] Candle
땅속당근,My memories and thoughts
다똥이,행복한 다똥
love2dong,♡오늘도 Sweet하게♡
릴 리,"레 터 프 롬 릴 리, Letter From Leely ♩"
미니미,미니미앤비기빅_Plant.C
김,윤주막٩( ᐛ )و
쏘정,Share my Happiness
Elle,Elle's Jerseylicious Blog
카멜혜은,좋은엄마학교
콩이맘,nasign2001님의 블로그
우팀장,우팀장의 이모저모
도시다람쥐,도시다람쥐 여사와 함께하는 HYGGE♥
수아,수아 블로그
상큼레몬,28살의 이것저것 기록
네비 토끼,Finding the taste
청사초롱,"빛, 다리, 열정"
줄주리,줄주리의 작은이야기
Lovely J,Lovely J.'s Serendipity
JUHWA,좋아서 하는 블로그
깜찍이브,깜찍이브의 하루하루 신나는 스토리
봄날본짱,당신과 함께하는 봄날
수수맘,수수맘의 식도락라이프
로사봉봉,로사봉봉이야기
내생애 최고의 순간,my dress Room
알사탕,알사탕 블로그:::셀프인테리어
현키티,행복이 날아들어오다 - ♡
밤톨이,Taste the World
쏘어,쏘어스토리
청오,바스테트의 사제
신혤리,"혤리 뭐 했니? ShinHaley, What did you do?"
콩느,흔해빠진 일상기록
유리향,YURIHYANG
꽃단미,JJ 페밀리의 핫한 홈타운 ♥
각설탕,달콤한 각설탕의 소소한 일상
마른듯 날씬,오늘을 사랑하자
데어더,"Deirdre, la vent se leve!"
지나킴,지나킴티[Zinakimty!!]
L y r a,♬ L y r i c a l
Seon,D
summer,"평범한 썸머, 있는 그대로의 일상"
이내야,쉼표♡
초리,초리
쑤,쑤앤우드-인테리어 소품
치카루,"치카루의 모든날, 모든순간"
롱,Time waits for no one
찌낭,Ⓟⓐⓢⓢ ⓐⓦⓐⓨ
알밤아빠제이,알밤아빠제이's 일상
쏭쏭드리아,쏭쏭드리아's 모든날 모든순간
Let it Bloom,Blooming Days
유블리,U-vely의 연필통
한사원,한사원의 고군분투 초보베이킹
내꺼야투투,"두아이 엄마, 행복한이야기"
유키에,♥한일부부♥
미거,미국거지의 일상 블로그
narang,사랑하는 모든 것
노벰버,:: 노벰버의 아뜰리에 ::
스타일퀸 정희,★스타일퀸 정희
쑬쑬이,쑬쑬이의 사과나무
미인콩,미인콩 살림 이야기
안여사,안여사네달그락부엌
금율,금율이의 공간
젊은마녀,렌즈 안에 담는 세상
Lily,릴리안의 볼로그
샤랄라릴리,샤랄라릴리의 감성 노트
AngiE,D'angie
핑쿠르,핑쿠르의 건강 라이프
내꺼야투투,"두아이 엄마, 행복한이야기"
달콤한Sun,"욕심 많은 달콤한Sun,"
어도러블,Adorable
지블리,"La mia campagna, 나의 들판"
리치베리,도쿄일상 ......한국사람 해외생활기!!
사과잡스,사과즙 only 사과잡스
greeeeen,Our July
이로천사,이로천사 블로그
김영은,킴영실버님블로그
BinLoveya,Subin’s diary :)
변호사마누라,변호사마누라의 돈되는 독서
nimnim2,nim
lsj,모노앤제이
타니,Daily Life of 타니
채은,미모아드
toki,"toki, 36.5日 감성 라이프"
뚫어뻥,뚫어뻥's Singapore LIfe
보노,영국 Kent에 사는 한국 아줌마
옌,YEN
송이,r e c o d e
루틸리,Rutiler so happy
Hatsseulka,Hatsseulka
빵굽는코끼리,mercioven
your sienna yun,thank you for another beautiful day♥
가비내,가비내의 진시황북어국
개미,개미창고
j u l i a,+ 플레이스인 by 줄리아 +
포르투나,"워킹맘, 일상다반사"
Yua,★유아가 사는 세상★
헬로미니미,헬로미니미 아기이불 전문 브랜드
jjin,Carpe diem
커프리,Ann's HOUSE
리쿠,All about 리쿠
게르만킴,Vielen Dank
젊은마녀,렌즈 안에 담는 세상
슬기블리,의식의 흐름
미스유,내일도 하늘은 맑음
정아,"정아, 27page"
베비핑크,소꿉놀이 하듯.. 인형놀이 하듯..
알라,알라월드
안녕,everymina
마이워니,Time to blossom..
toki,"toki, 36.5日 감성 라이프"
율리아,율리아의 따뜻한 봄날
디네그,Mr. and Mrs JUN
현미,Brown_rice blog
유니지니,유니지니 ... 맛있는 travel
루키짱,루키짱나라
푸아그,☽파닥파닥 푸아그☾
악어,악어의 바다여행
루나,루나의 다락방
뫙뫙이,뫙뫙이의 사는 재미찾기
참치,어푸어푸
셀럽이 되고싶어,아무 생각 없이 들어왔는데 생각보다 유익한 블로그
나룽이,내가 만드는게 모든 story_★
MIWOO,미우의 strawberry days
샬로무드,샬로무드
뉴트로진아,J.티모시X뉴트로진아
청목,세상사는 이야기^-^
일랴스,좋아하는 거 이모저모
스타일퀸 정희,★스타일퀸 정희
Minari 미나리,미니프랑
먹짱,먹짱의 먹부림 일상
SSOL,"솔, 일상 기록장"
전통보리차,소소하고 즐거운 일상
GIANT다이언트,GIANT다이언트의 걸리버여행기
유진,beige.kr
일상,일상
이나,"날마다, 봄"
와인나무,꿈꾸는 와인나무
릴 리,"레 터 프 롬 릴 리, Letter From Leely ♩"
징홍,Love myself
제이피,제이피의 마음의 거울
워니,Here and Now
콩이맘,nasign2001님의 블로그
sonnim,late bloomer:늦게 피는 꽃
밍밍,UNIVERSAL TRAVELLER
SartoY,Giovane Classico
엘리스,엘리스의 행복한사춘기여행
코코라온,코코&라온
나금 선강,초연
유키에,♥한일부부♥
러블리 써니,♥ Lovely Sunny ♥
째닝,째닝beauty
몰리,몰리 이야기
천원짜리닥꼬지,지구는놀이터
딸기,딸기의 소소한 일상
쏭,ssong
버니,버니's 뷰티팩토리
메이모먼트,디자인 홈 파티 메이모먼트
타임투어,필리핀클락여행 전문 타임투어
핑드,Blossom
뷰티풀걸,블레어의 낭만을 꿈꾸다.
던디,던디의 블로오그
며느라이,며느라이 Life
Journey Bear,Fun My Life
재로로,스페이스 재로
슬기콩,빛나는 너의 순간
꽁꽁이,Happily Ever After
희한사랑,희한사랑의 이상한 나라
소해,소해일상
듬아,듬아의 화장품놀이♡
하미,Schöner Tag
젼,Love yourself ಇ
에그타타,101번째 타르트
MrsYoo,Mrs.Yoo
민짱,민짱의 일상 기록소
도도,슈퍼우먼의 하루
luna,Thanks for my days..
블루506,Aloha~♡마이알로♡
도키도키,we all are. Agapeimenos
젠엔콩,젠엔콩의 레시피 북
DoReMi,도레미 세 여자 이야기
BINA,상해비나네
Daisy,Be awesome Today !
쏭,ssong
비비안,☆vivienne house☆
밋쮸,Tu brille
초록이랑 연두랑,초록이랑 연두랑 부동산 나무
후둥이,후둥이의 베란다채소밭
파란달,파란달 cook'n bake
낭랑주부,낭랑주부's “똑”소리나는 살림이야기
숩인,"Ready, Get Set, Go!"
깍쟁ㅇ1,"깍쟁ㅇ1의 Love the Moment, Enjoy the Taste"
정러브,Nothing better
쎄씰,쎄씰의 메이크업박스
콩쥐강쥐,콩쥐강쥐 트래블 포트폴리오
유키,_ merci
밀루유떼,밀루유떼's 오늘도 꼼지락!
단팥빵,행복한 이기주의자
joocci,주찌 Bolero! GUTS!
프리실라,꽃향기 가득한 프리실라 공간*
씨밀레1972,cmille1972님의 블로그
누리봄,NORIBOM BLOG
꾸준히,꾸준한하루
행복한작은부자 졔,작은부자로 가는 성장이야기
나무,Just the way you are
덮밥이,반달곰 덮밥이의 성장블로그
leewinter,윈터리일기장
복숭자,그무자리의 일주일
경산댁,♠경산댁의 사는 이야기♠
뽀로로롱,"우리집 수호 지동 ♡"""
미스유,내일도 하늘은 맑음
호주꼬꼬댁,호주꼬꼬댁
홀인원,Financial Freedom 투자홀인원
체리쮸,야매 체리월드 :)
선샤인,Ellie's Sweet Day!
MJ,혼자하는 블로그.
랑군,알콩달콩 우리가족 이야기
이엘유,*엘 유 월 드 *
LUCIA,찬란한 순간의 기록 ಇ
Poongnami,Poongnami :)
렘군,"부의 디스커버리 렘군 (부동산투자,푸릉푸릉 스터디)"
심심,뭐. 별거없다
리므,하루 더하기
Edith,Edith's의 일상
동글동글,동그라미 프리허그
미니원,Miniwon Ep1. eat & buy
개성있는쑤,"굿모닝,팅팅"
NAKI,나키 다이어리
밍밍,UNIVERSAL TRAVELLER
미령,'미령's 소소한..'
밍이의 더밍,theming
언또야,언또야데일리
와럽,what up __
이내야,쉼표♡
보험디자이너,보험디자이너
테이스토리,테이스토리
Lindo,OFFTHEWALL:D
Sandy,호치민 유학생 ‘샌디’의 블로그
배지밀,How have you been :
유노타임,유노의 소소하고 소중한 일상
Evil Rose,☜ M o t i v a t i o n ☞
빠람,빠람 끼 딘짜르야
민도토리,민도토리의 바쁜 일상
로라,로라의 집
지수,생각지도
You,A Life of a gift
아리솜,아리솜의 짜릿한 뷰티
kdy11004,김도연
베베킴아리,심쿵 Bebe 베베킴과 아리의 행복낙서장♩
이넘,Seize the moment
효효경,Hour
Baily,get better day by day
리빵,리빵언니쿨내공간
후니,후니의 달콤일상
JJ,제제JJ 블로그 ♥ Hello Hi Hey
ellen,ellen's home :)
유키영이,어인행인 :)
져미,Center of the world
베이비야니,야니의 시간
82,Someday : P
얼버리,Way of yours
날,날의 날
스타일퀸 정희,★스타일퀸 정희
메이리스,메이스토리-
제이제이8,제이블라썸
지은,"Verweile doch,"
Ina,A
애콤,애콤의 블로그
sportstation,sportstation님의블로그
러블리루시네루시마미,Happily Ever After~♡
핫딜중에이프릴7,에이프릴7핫딜
라온,라온의 라이프 키친♪
손여사,시크한 손여사
코튼블루,cottonblue
희한사랑,희한사랑의 이상한 나라
bbo mari,c'est la vie! ♪
최Roove,In the 최Roove
지야,◇ 지야의 뷰티야구일상 ◇
지다란,"자다가도 벌""떡"" 떡소녀, JIDARAN"
린두,실-로그 : 괜찮은 지구인 되기
니니,NeeNee
뉴트로진아,J.티모시X뉴트로진아
토베,ＲＵＮ！
JJ,제제JJ 블로그 ♥ Hello Hi Hey
낭만앵,아뜰리에 낭만앵 베이킹 스튜디오
안죠니,일상과 생각
지은,지은님의 블로그
셔니,Syeon•_•
리블링,바생사 말랑애옹군
뉴리,넌 나의 Vitaming :D
아로미,아로미네 :D
레지나,A Day at the Park
hyeonee,hyeonee의 일상
유니,Near and dear
보노얌얌 Erin,Erin쌤의 영어와 여행이야기
핸드메이드씽씽,Handmade ssigssing❤️
워니유,워니유 뷰티로그 & 댕댕라이프
Jenny,JENNY in the World
Jminimini,H.A.P.P.Y.M.A.N.I.A
최다,최다의 방랑여행일지 | Fromsong.com
Hhh,건축하는 부부
애니짱,열무 하우스
서우니,느리게 흘러가는 공간
쏘님,쏘님의 소소한하루
행복한엘제이,웰컴투 엘제이world
에그타타,101번째 타르트
오아시스,채씨네 삼남매 일상과 캠핑이야기
아나타,감바레 여사네^^
이로,평범한 학생의 일상
Sj,SPOON
레오,생각과 말과 행동으로.
수빈 SUBIN,"Si me amas, ser va me"
마리,이촌동 앨리스
돌판나,돌판나 in NewYork
달나라소머즈,달소의 생활
유독,"유독`s,셀프인테리어/셀프집수리"
용용부부,Mer_en
캐롱양,캐롱양의 즐거운 생활♬
스위트와이,사적취향
스테피,Stephi's blog
동동 쌤,동동 쌤의 중국어 단기 속성
가리,"나의 기록 ,"
오냐꾸,오냐꾸의 하루ღ
윤양,윤양네~♡
qvonne,큐와 이반
셔니,셔니의 꿀로그 ♪
긍정의여왕,긍정의 여왕이 사는 법
데마스,낌민과 쵯씅의 블로그 ^_-6
쏠블,쏠블
스윗레인,스윗레인 Story
슬기,슬기의 즐거운 일상
꿈이,꿈이(美梦成真)
모래알유희,행복의 향기를 흩뿌리며 사는 여자
박곰,Gom's diary
하나님의별,배우 한혜성의 배우일기
더블윤,윤남매 일상로그♡
리사,순간을 소중히
작은빛,사랑하는 영혼만이 아름답다.
monocorgi,monocorgi
레나,"러브, 쥬니...♥"
Rini,Happy go Lucky
뽀따,보글보글
보노님,보노의 작업실
쏭비,쏭 비 네 ♬
꿀쑤니,꿀쑤니의달콤한세상
빛나는 은이,빛나는 은이:) daily life
박예소올,뭐라도 되겠지
유이,yui's diary
바디모먼트,#bodymoment
댕청흰둥,Yoon's life
하노리,김하늘로그
yuing,블로긍
하니맘,♡ 하니맘의 러브하우스 ♡
핸잉,핸잉의 일상
미래는,per ardua ad astra
채은,Fairy tales
해피유,우동 LOG
hyeni,hyeni의 패션&리뷰
유키에,♥한일부부♥
뽀로로롱,"우리집 수호 지동 ♡"""
리베,음악과 인생 칼럼니스트
스테그,#자동차 #주차되는 맛집 #국내외 여행 #휴가 #캠핑
heeya,heeya's
에그타타,101번째 타르트
날짱,엉.뚱.매.력.날.짱. :)
지나가는사람,사랑하는
쟈스민,일상에서 행복찾기
광호랑림,시골남자의 라라랜드
연우,연우로그 뷰티톡
호픽,먹고 즐기고 사랑하라
두발로걷는개,게임을 읽어주는 개
Dayo,반질반질
큐,여행블로그_큐의 경험나누기♬
J씨,J씨이야기
닝,신혼부부의 이중생활
Dr Yena,의욕충만 여의사의 한눈팔며 살아가기
로망쑤,"우리의 로망,"
공순이,좋아하는것들에대한기록
김 슬,베스티도
소심포악,아침해를 보러가자
쏭스더,천천히 한걸음씩
사이좋은부부,"1년365일,봄"
세자매맘백쌤,"세자매맘백쌤의 책읽기, 희희희자매들 책나무"
남긍정,소소한 꿈공간' 3 '♡
301,작업실301
다다,Love Comes Again.
greeeeen,Our July
소르소르,If you wonder
콩이미남아빠,부하들과 함께 행복더하기
noongreen,Middle Ground
런던아이,"지구별 여행자, 런던아이"
행이,쏘햅삐
민콩,ʕ•̫͡•♡
스위트빈빈,세빈이의 중꿔 생활£^^€
K브라더스,"감성 충만한, 그들의 취향"
콩눈이,콩눈에 줄긋기
Gloria,봄날
A Ging,A_Ging
리치베리,도쿄일상 ......한국사람 해외생활기!!
ji0eda,Piliers de la sagesse
토끼소녀,반짝반짝 다이어리
멈이맘,멈이맘의 좌충우돌 육.아.일.기
바이올렛,"コーヒーパン,旅行 ..私のいろいろ"
도토리속,♧ 도토리 속 참나무그림 ♧ 일상의 한 조각
똥쟁이마미,찬이준이맘의 공간♥
알레프 앤 타브,STUDIO.ALEFXXTAV
미스유,내일도 하늘은 맑음
ROZY로지맘,ROZY's new diary
쑹쑹,serendipity
쁜슝,슝의 매력적인 쫑알로그 ^.^♪
unicorn,Welcome to happy place
자유지은,자유지은
Marie,marie blooming :)
오소리,오소리
여백,여행 한 스푼
oveuoveu,oveu
유달봉나무,Good Reader Good scholor
지영,limjiyeong
로Heeda,Be Happy ! Hee~*
비,너의 정원
저녁별,저녁이 있는 삶
나나구팔,에브리띵
봄날의 곰냥이,곰냥이네 블로그
바라바라뿅,삼남매 육아이야기
HANHEE,HANxHEE
32,바르셀로나. 디자인공간.
grace,GRACE's lov diary
바쿠,LOVE LIKE THIS.
chochochocolate,fizzy water & chocolate lover
반송동빅토리,1402호그녀의별이빛나는밤♪
울이랑이,너희를 기록하다 ★
코튼블루,cottonblue
김복길,ⓒ김복길
난폭한천사,끝없는 도전
히뎀,히뎀언니의 오늘
다미,다미월드
스마일캣,봄날 캣다방
정화띵,행복한 정화띵 :)
로즈인우드,로즈인우드 RoseInWood
까사디에이본,"당신의 소중한 하루, 까사디에이본"
김블리,김블리
남사친,남는건 사진이다 친구야
햄스터,손끝으로 놀기
MJ,Simple happiness
Amin,행복블로그
초콜릿패스파인더,초콜릿패스파인더
니즈,오늘 Life Magazine
wowjackie,wowjackie 믿음의 모험
로티크,Rohtique 로티크
초리,초리
단풍맘,단풍공주 해피왕자
현디니,JINI WORLD :-)
수즈Suj,수즈Suj | HR 하는 호주직장인의 호주일상 다이어리
다즐바이,대단히 흥미로운
폴라이트빈,폴라이트빈의 블로그
차차,Chacha :-)
오리꾸웨엑,simple___
minimin,Ama et fac quod vis
에이미,Chez Amy (·ㅅ·)♥
쏭,ssong
Find your BONTE,본태클리닉
오늘이 행복한 나,"진심, 에세이가 되다"
나루,나루 하루 ♥
로티크,Rohtique 로티크
김홉,홉로그
윤슬,아드님집사생활
ROXY,"ROXY, 청춘답게 살기"
욱이맘 쪼요,욱이맘의 즐거운 블로그 놀이터
아짱,아장아장ːLOG
맨디,맨디 꽃이 피었습니다
기백,더원공인중개사 사무소
혜진,♡
최바비,레이첼 블로그-♡
코코룽룽,나는 젊고 아름답다
isabella,bel_valienete
에블린,Evelyn의 추억놀이
look miii,look_miii
헬로쏭쏭,헬로쏭쏭의 러브하우스~♡
혀나쓰,혀나쓰의 일상
Jenny,JENNY in the World
핑구,핑구블로그
플로리문,Moonlit garden flower
정네,정네의 일상 : )
수미니,CSOOM
맴맴,내 마음대로 끄적끄적
진행중,HYEONIS BLOG
은꼬앙,빛나는하루
김수아,김수아블로그
몽글필름,몽글필름_Monggle FILM
cozie,앙뇽?
soamom,워킹맘소아맘
정호중샘,멍멍샘의 교실
밀라노자매,LoVe-ITaLY
유노타임,유노의 소소하고 소중한 일상
쌍둥마마,사슴둥둥이들의 행복한세상
순둥작가,안녕 다정한 순.둥.작.가.
무의,Muui Life
낭만주부,낭만주부의 소소한 일상
메로나,나만의 이야기
소울트리,soultree_e님의블로그
하늘씨,"그냥그냥, 일상 끄적임"
유화,Make you up!
아구몽,아구몽의 아구생활
이지A,빛나는 청춘
Elly,:: 엘리의 Sweet Lounge♩::
랑,랑의 다이어리: 한 공무원의 생존기
밀림,millimy_
쏭,ssong
인스청소 이인구,인스 하세요
잰,Page 0
민트춐,:: Stunning Gray ::
메종드꼬꼬,maison de kkokko
eundi,은공책
파파래빗,애들은 자고 달달한 새벽
바나나레몬,바나나레몬님의 일기
밈미,"할 수 있는 마음, 변치 않는 모습"
콩쥬언니,콩쥬언니의 작은 부엌
베키시즌,베키시즌♩
달빛조각사,행복은 강도가 아니라 빈도다
유주,유주노트♩
메리앤,삶은 여행 : )
JY,wanna be~★
듀듀,내 마음대로-!
엄마는멋쟁이,멋쟁이엄마
지은,"Verweile doch,"
나는나야,나야네 사는 이야기♥
제이,시간을 담는 블로그
제리,거치른 벌판으로 달려가자
강사공유,한국강사평생교육원
잎쏘,방콕댁의 기억기록장
모로롸,"모로롸 일상,리뷰"
하나쟁이,날으는 하나쟁이 :)
소진,Dear.sojin
제이미쁨쁨맘,제이미쁨쁨 ♡
내꺼야투투,"두아이 엄마, 행복한이야기"
고봉이,고봉이네
이상적현실주의자,life is learning
내꺼야투투,"두아이 엄마, 행복한이야기"
lovely loce,loce's diary ;)
예닮 한건수,예닮 한건수의 감사연구소
성느님,기억을 담는 공간
러블리 뽀,♥러블리뽀 ♥ 러블리뽀의 행복한 하루
EunYu Estella,EunYu ♪
엘레나 박은하,여행작가 박은하
시월달희,랄라라
애드영,"가구디자인,인테리어"
성동생활문화,성동생활문화
재로로,스페이스 재로
통통댁,통통댁 일상이야기
고현주,글 쓰는 연습
혜요로그,하루하루를 기록하는 중
윤z,윤z's Zone
김리사,김리사의 겟 더 룩 !
hombly,florally
맨키친,Table Review
슈미,슈미의 달콤한 일상♡
혀나쓰,혀나쓰의 일상
면봉,계장쟁이 @ 면봉
SEY,Wonderland
정애짱,정애짱의 천천히 그리고 강하게..
yang da,ෆ Daily record ෆ
멍이,이제부터..
루키짱,루키짱나라
딥허그,하늬기록 : 딥허그
내일도 맑음,내일도 맑음
liz,you’re welcome
캐나다댁,Life of 캐나다댁
뚫어뻥,뚫어뻥's Singapore LIfe
졍,졍_petmultipotentialite
미도리파티,미도리파티
메종드꼬꼬,maison de kkokko
이라엘,Elog
뉴지이,"블로그야,내 기억을 부탁해"
리오맘,♡리오하우스♡캐나다 토론토 조기유학 & 여름캠프
MS쉔,MS쉔의 블로그
찌니하니,찌니하니 럽로그 ෆ
링링,동그란 일상' 아이링링
성은,Eun’s DIARY
올라,아뜰리에 올라 Atelier Hola
바카,바카's daily
모니카,mind2mind
AmyMay,일개미의 소소한 일상
몽이언니,몽이네~
윤상휴,윤상휴 블로그
Jenn,awesome winter
다옴,Chez Daom
케이리,"시공간없음,時空間なし KR&JP 케이리けいり"
JJeong,Monymony
달콤쌉쌀한유혹,Sweetbitter temptational life
그노,향기로운 삶을 위하여
밴쿠버남자,캐나다 Herald 교육/유학/이민
유키에,♥한일부부♥
아이엠쎄,Sse의 가내수공업 :)
리우잉,리우잉의 뷰티페이보릿
혀나쓰,혀나쓰의 일상
미우,...Solamente te quiero
에그란,계란의 삶 : egg’s life
다리아률DMJ,D&M♥J
행복만만 땅,행복만만 땅!!
lijae,adamas
규빙빙,감성보관함
화원,GARDEN
문채,문채의 블로그
슬로우,walking on cloud nine
새라,새라 일상기록 ◡̈
영이,영이의 일상 블로그
유노타임,유노의 소소하고 소중한 일상
크리스탈,크리스탈의 블로그
라미마미,Nothing Better
롱,Time waits for no one
바그뇽,바그뇽이의 디테일한 하루하루 :)
숭숭이,일상 속 순간순간들
Daisy,♥예쁘고 당당하게♥
사월이,사월의데일리
녀엉,별것없고새로울것없는흔한블로그
부운,부운(浮雲)이 살아가는 이야기..
이응,이응공간♩
민짱,민짱의 일상 기록소
오당고,Hello- I'm rudeks
쿡마님,부산반찬가게옆집음식
쏭,ssong
키미,하와이 키미 일상 기록
cozie,앙뇽?
그날의 달,COUNT THE MEMORIES
xxexun,행복한 일은 매일 있어 ఇ
서울커뮤니케이터,서울을 알리는 seoul_communicator
델리deli,끄적끄적✨
피리아,피리아의 이야기가 있는 여행
뽀로롱꼬마마녀,뽀로롱꼬마마녀의 생각노트
내꺼야투투,"두아이 엄마, 행복한이야기"
뉴트로진아,J.티모시X뉴트로진아
핑크라떼,핑크라떼의 포토에세이
Spark,Summer on my mind
Bitnarhee,빛날희블로그
밍밍,밍스랜드
워니,워니블로그
진모찌,진모찌의 소소한 일상
바닐라라떼,1인기업가 바라의 블로그
순둥작가,안녕 다정한 순.둥.작.가.
럭키이니,Me Before You by.hh-
엠투,:▶
퐝,마음대로
코코진,COCOJIN '
파란별윤정님,파란별윤정님
나루,나루 하루 ♥
쿡바비,신나게 재미있게 맛있게!
은토링,"매일매일, 오늘은"
슈미,슈미의 달콤한 일상♡
꼼꼼소피,소피의 정리로그
에뷰,에뷰의 홈메이드 화장품
캔들킴,캔들킴
정호중샘,멍멍샘의 교실
리치베리,도쿄일상 ......한국사람 해외생활기!!
iamhyoeun,By_HyOEuN
곤,이토록 멋진 여행
신서희 숑숑,숑숑의 여섯번째 감성
sarah,lovesarah80님의블로그
에그타타,101번째 타르트
소봉,소봉이의 데일리 달링♥
스칼렛,스칼렛의 쉬즈스타일링
씨씨,생각많은 씨씨의 블로그
madame pompom,퐁퐁 스토리♥
카넬리안,카넬리안의 바라는대로
하늘연달,Eat Pray Love ◡̈ ♥️
초자아,S U P E R E G O
스토리홀릭,Story Book
쏘이,쏘이의 일기장
어니언,민로그
보보,bobo's blog
이오,이오의 행복한 하루♡
엠버로이맘,엠버로이의 해피하우스
eundi,은공책
현쏘,쏘쏘쏘
이낙림,이낙림의 올어바웃바디
횬쓰,Hyunee_log 효니로그
작은빛,사랑하는 영혼만이 아름답다.
워니,Best part of my Life
로미,로미의인형놀이
엠쥐포리투,MG42's BLOG!
쟈스마니,쟈스마니가 사는 세상
비나투어,"상상 이상의 즐거움, 비나투어"
지블리,"La mia campagna, 나의 들판"
초록으로,초록으로 - 늦깍이맘의 작은 서재
하리부,Haribu Table
자전거 타는 여니,자전거 타는 여니의 일상
damdamslow,가만가만 가볍게.
별이,별이 블로그
에그타타,101번째 타르트
바카림,작은거인 바카림's
쌜리,쌜리 To be the Best version of meミ
오이스터,한국간호사의 미국 ER생존기
장가네장우동,장가네장우동's
박블리,박블리의 러블리한 일상:)
망고제이,MANGO's
유니,unee_verse
꽃비서,꽃비서 Blog
음미,디어시스터
유르,3yz moment.
유키에,♥한일부부♥
김열매,열매마켓
땡큐베리맘,▒ 땡큐베리맘-일상 ▒
쿠키앤크림,깝치는써니 놀이터♡
베이스맘,선택과 집중
돌틈꽃,부산블로거 뷰스타 돌틈꽃♪
쿠키,am 4시 44분
쑹쑹,serendipity
두비두밥,밥 위에 깨 솔솔
부엉이,엄마수첩
even졍,JUNG
혀나쓰,혀나쓰의 일상
여우,"여우 :: 세상의 모든 지식, 여우"
똠방,♡´･ᴗ･`♡ 똠방대기
달프,"달프네 먹고,살며,사랑하며."
Riley J,ఇ보통의 하루ఇ
keep going,in days gone by
결쓰,대충 살고 행복하기
동화작가 여주비,"첫 그림책 ""삼거리 버스 정류장"""
빵나,원어바웃
쥬디캐롤라이나,쥬디의 A Taste of Life
Jen,sweet idleness
Chloe,뉴질랜드 웰링턴- 미엘이네 집
강식당,발자국
가니,"Dear my dear,"
Dayo0,Danana
요롱,幸せを全てあげたい
웨딩플래너 주슬기,"[뚜기플,그리고 MY BRIDE ♡ GROOM]"
정이,기록이 정보가 되는 공간
연우,연우로그 뷰티톡
동글이,동글동글양의 둥글게 사는 세상
써니엘,"써니의속마음(6W)Who,When,Where,What,Why,hoW"
박곰,Gom's diary
하치언니,♡(ღˇ◡ˇ*)하치언니 알찬 일상 (ღˇ◡ˇ*)♡
JJ,제제JJ 블로그 ♥ Hello Hi Hey
쏭비,쏭 비 네 ♬
뷰스타 뽀송언니,뽀송언니's Dream World ♪
수진쨩,"오늘도 맑음,"
밍밍,UNIVERSAL TRAVELLER
둥둥맘,둥둥맘과 함께하는 머스트해브 아이템&일상♡
하요미,너라서 좋아
CINDY,배우기를 사모하고 변화를 두려워 말라
유니콩,여유로운 일상 느긋한 블로그Sunday Rules by.unibean
쏭,ssong
블리스,covenant
블루,스윗햄~♡
유진,1984
Sylvia,꿈이 있는 자유
풀,쌈박스농장 풀아줌마네
아리엄마,아리엄마
쇼퍼,BAEM REMEMBRANCE
제인,제인로그
신소리,신소리의 일상.팬블로그
벨라팍,벨라의 노 트 북
홍주맘,홍주맘의 놀이터
대충,고까이꺼 므어 대애ㅐㅐ충!
봉쥬르봉봉,봉쥬르봉봉
다나,Dana's Favorite
어니스트 민아짱,어니스트 사무가구와 민아짱 이야기
스칼렛,♥스타일러 스칼렛♥
아이,THINK ABOUT YOUR DAY :)
예원is뭔들,"ᵞᴱ ᵂᴼᴺ,ˢ ᴿᴼᴼᴹ"
안단테,ANDANTE Story
백잎클로버,백잎클로버의 1+2 이야기
군밤,방전
희진,찐's daily ◡̈ෆ
음미,디어시스터
지니,또샀지니
NEEDS,NEEDS
coco,hello gorgeous
Young2,일상 기록 보관소
Amazing star HYO,"Shining star, HYO"
롬쓰,Diary
유키에,♥한일부부♥
정리햄,"마침내, 여행하고 정리하다."
뎅뎅이,뎅뎅이's 여행 이야기
파란별윤정님,파란별윤정님
스윗빈리즈,"스윗빈리즈,일상기록_"
모모도리,Story & Photo
콩슈니,* 콩슈니의 뷰티&홈쇼핑 *
아임유새댁,천복만복 소소한일상
GRACE,Past Present Future
헬로쏭쏭,헬로쏭쏭의 러브하우스~♡
울림,소박하게 살기
간재리,있는 듯 없는 듯
자연오투ㅡ뾰로롱오투,향기품은 뾰로롱 오투네 ♥
오브리유나맘,오브리유나맘의 pretty little things ♥
앵블리,앵블리와 함께하는 알콩달콩한 세상♪♬
김작가의 김자카야,달달한 꿀로그♡
D양,D양의 사생활
